"idnum","obs","distance","avgdirection","avgthrust"
"48085030202",553,24.9983154872351,4.35731998715395,2.72080550694286
"48085031100",1758,24.0361928795229,3.61329077978677,2.64501451597362
"48085031706",697,9.01308816548666,4.6856399183907,0.514818665279489
"48085031709",1537,10.0098554052087,4.10707241653448,0.687775800375649
"48097001100",761,15.3400967588685,5.05813186585741,2.99546887489127
"48113008200",1030,10.3024690066597,2.77031261068185,0.803920876649958
"48113009804",216,12.8043949817007,2.11208672069909,0.248740234516437
"48113011103",389,14.2919618515203,1.96423536837415,1.19551421845908
"48113011602",495,17.2535284964613,2.30291553849873,1.64716302467532
"48113012211",352,12.9389395255879,2.60932729231165,0.99141892642941
"48113012302",558,12.8898969560226,2.65130555011032,1.05381021946204
"48113012400",1182,11.2181446819312,2.69850184247613,0.986528705843341
"48113012900",1496,9.75926827822226,2.78915872100478,0.757378509795766
"48113017304",1940,16.3547690459595,2.64549162917738,1.79775129666064
"48113019025",1189,12.7340407979621,3.37811652257298,1.19922114681821
"48121021408",1905,16.6875781382001,5.18699150847039,1.5202683341966
"48121021513",1151,14.9339309678816,5.22455883270097,1.24141228421954
"48121021621",1313,10.6263141009515,5.06800847363556,0.539963196076498
"48121021622",1764,11.3919826832338,5.12677546516718,0.579695181220588
"48147950402",629,15.5889491719664,3.74842124697495,1.85040470453947
"48181000902",668,12.2832182596663,4.51384129359931,2.8214732238635
"48213950100",694,14.8987211444859,0.288973480622536,0.356753958767368
"48213950300",550,15.2078356933048,0.766492843412353,0.721729701886003
"48213950400",344,16.7345692157631,5.80391110704915,0.707901778911207
"48213950500",178,18.4352399481518,5.63417932630163,0.44341227191915
"48213950800",179,22.1788821231035,1.84569079714414,0.519879202287435
"48213951200",271,16.3966301718261,0.509489899383755,0.515199238064743
"48213951300",581,11.9804959103345,0.390035992427909,1.22029580358356
"48213951400",443,20.6336754275888,0.549037085178843,1.14149875310728
"48217960900",132,21.0952034234921,1.25020937660613,1.7872442012923
"48251130302",749,20.3569016178818,1.01289693015821,2.69041885850738
"48251130409",952,22.0493111150855,1.39997658746586,2.44654915177166
"48251131000",964,19.534921870666,1.14432386933826,2.69435544297681
"48251131100",682,19.2392989944042,1.14127738385539,2.67073195674676
"48257050203",2332,23.0463258235533,2.6369235837373,2.30845393258146
"48257050205",1822,19.9493645106042,2.96638290266209,2.0235834333204
"48349970200",675,16.8035794237837,2.11063303267271,2.51368745516282
"48367140501",1181,25.4644454347502,5.93137500540166,3.06627422663942
"48379950200",271,21.7122848556681,2.91993921700146,1.55860296744912
"48397040200",1749,18.2523998348353,3.44720659296392,1.84754053533196
"48439102302",672,16.1738183663524,0.361999162678413,1.84648877633974
"48439104505",281,13.1390630822286,0.70667303742065,1.22867328687668
"48439111516",1302,14.425778747024,1.26823320915837,1.14539684071826
"48439111531",1212,13.6852290829344,0.934180411941633,1.17494298762221
"48439113113",1316,10.1161845573827,5.07691088458699,0.0559842289760267
"48439113405",1263,13.581599384462,0.182322276893185,0.958731975148581
"48439114007",3368,14.9607447781385,6.00612096285674,1.51149746242995
"48467950200",213,16.7554259758886,4.93518491833123,1.01543655874591
"48113018124",4384,16.2401095410615,3.42907020480463,1.72062753187581
"48085030514",1788,16.9154820909837,4.10948901657384,1.63813090206215
"48085030528",2452,17.0173675580641,4.20401129465703,1.71293197416431
"48085030530",1879,17.9731363986374,4.21149742098158,1.71412090567352
"48085031311",3117,15.31953290767,3.43374881980904,1.59590699196444
"48085031630",1314,12.2026315318584,4.22059375684687,1.21953333359749
"48085031647",1019,9.70409581750545,4.8309281212075,0.652911204431123
"48085031656",855,10.1498388866429,4.80696433857799,1.02611585982398
"48085031664",1160,11.3152607877491,4.37461621808704,1.12517889607163
"48085031712",1704,9.76174588729915,4.92801135448829,0.589731616655504
"48085032012",701,12.8904218647611,3.80738048863366,1.26259874874975
"48097000100",798,20.4724985587682,4.89798137224028,3.10419238895796
"48113009101",529,12.742719360788,2.425729629907,1.16769156707456
"48113009202",378,15.8441769345006,2.38783337217728,1.37475939654044
"48113009304",299,16.783453585346,2.354844407965,1.41308950273398
"48113009608",935,9.02339814037866,4.48462831055981,0.257322624938245
"48113009611",654,9.10087548031044,6.0115917650218,0.0445200604393469
"48113012100",594,13.1967864561655,2.53721956934046,1.30414495179126
"48113014123",1960,11.0509258541318,5.43433882662821,0.606312066821052
"48113014308",467,10.1556282387967,0.796820137479308,0.231646099372376
"48113014406",658,10.4664771965887,0.634232674659895,0.433645211806787
"48113015100",937,10.7480446902237,1.17929337774642,0.514577247443376
"48113015206",677,10.3747526850946,1.11762429264337,0.47795144174413
"48113016521",810,13.8398486519208,1.24434202214391,1.01979721704409
"48113016625",2011,16.7417447257166,1.4665727832953,1.46186750904036
"48113017101",561,16.8231544437876,2.41243508505556,1.75043777568899
"48113017400",849,15.4103121611051,2.64879429311886,1.51972569611277
"48113017704",639,16.2272068177275,2.63981453085994,1.47804513769956
"48113017813",1008,13.5306614365682,2.81274160888324,1.26431881043163
"48113018139",1932,14.7104773172688,3.33567596038486,1.47842932031218
"48113019031",1725,10.3793060011702,3.61347360928779,0.973154020420785
"48113019039",1167,10.7657803050107,3.47219405248963,0.917422173007572
"48121020505",1678,15.222720369693,5.0600922789976,2.10423420973916
"48121020601",409,20.8910245837943,5.0382307030038,2.18904099366383
"48121021521",1099,14.4989651589887,4.8022950435907,1.22500294279641
"48121021750",1317,14.7446654354632,5.66571883181076,1.17739281974454
"48139060802",1634,21.3000226927499,1.33052211008,2.21759572036889
"48139061400",1441,22.0173188785222,2.01789139530425,3.13185463331368
"48181001700",564,17.8203083072859,4.36331833198627,2.6025013778092
"48213950601",130,23.5426713746562,0.875006474154548,0.265207706423002
"48213950602",246,17.4468285532158,1.80619791017243,0.857559174877037
"48213950700",146,26.7084503179963,2.09399307979633,1.81676332995709
"48213950902",155,19.4111845472182,0.837690516181383,1.20079829126628
"48251130800",378,22.7018377155314,1.07413627820159,2.87712124471264
"48257050204",1394,22.8745095708157,2.81361253660733,2.38715926052558
"48257050206",2978,20.583522228277,2.67619183928505,2.09012884092062
"48257051300",753,26.4508286913832,2.33007254703128,3.42219359045702
"48349970300",767,17.8477074850273,1.63639650122369,1.82902810193484
"48349970500",385,14.1200971206008,1.89486816208135,1.53468130076313
"48349970700",457,15.6670476461744,2.04314134119343,0.964888678709007
"48349970800",135,14.0371495634982,1.88360682062404,1.78747385659349
"48349970900",444,15.8095595862247,1.97291256454193,1.13418328017933
"48367140705",1600,20.5748330828512,0.0100726556908198,2.32892455256969
"48367140706",1759,16.5845443450366,0.0779519319911376,1.94341474667554
"48397040102",1800,17.8146961209397,3.45604379610835,1.72989727938162
"48439105513",361,15.6989256004418,0.525600078208367,1.71082012798453
"48439106201",252,12.397395762375,0.785472677488858,1.03707285277824
"48439106503",768,14.5285582694455,0.555027017376733,0.872333946083226
"48439106511",1438,13.7990590702906,0.623744631725983,0.762490392716119
"48439110906",884,17.0985937416872,0.577108757458038,1.68957517163546
"48439111204",1280,17.7792749723904,1.08324272887932,1.77898876804708
"48439113213",806,13.8934793076116,6.24346774329806,1.05356185927247
"48439113220",985,15.1062260999247,6.28226520539586,1.057398160232
"48439113403",541,13.6540103917288,0.0882999868053815,1.03913865624175
"48439113513",1284,10.4472025681731,6.15083132675999,0.219308133883382
"48439113628",1179,11.1914301381168,6.07417943437788,0.513945005373876
"48439113629",1062,12.256043624502,6.27570460259065,0.606467664199409
"48439113803",1240,13.8272915926104,5.62253116990401,0.883771432171599
"48439113812",1553,14.5034125262618,5.77796846999766,1.14265216873094
"48439113909",1732,12.9494445140408,5.48365575497097,0.762394529996703
"48439113918",1036,14.0689371633147,5.78232338756303,1.03883170623218
"48439113926",4103,16.9469880435831,5.82006577758881,1.58934809795892
"48439113928",2521,16.7058980793101,5.66078756622307,1.33025616738615
"48439114005",1954,16.5198957675588,5.9790329707614,1.65194435712977
"48439114008",2712,15.3365161236091,5.97410206393595,1.54916718676275
"48439122700",816,12.2987823677826,0.985045818439381,0.86838151248432
"48467950400",237,23.8168614199646,2.90742402661561,1.27984023771512
"48467950700",385,18.1622213460317,0.0927191998207204,0.457640961747728
"48085030302",1018,18.828225306303,4.53715720201442,1.83994602121201
"48085031632",1445,12.5116140949306,4.13576969270864,1.20730350611942
"48085031636",2001,11.2113049542638,4.26569179650001,1.13107406954449
"48085031638",2182,12.2158260404331,4.35252015584504,1.22625986764358
"48085031900",798,11.4753738595934,3.77177911014072,1.059350959282
"48085032008",1170,12.1946564916923,3.70488973733356,1.10305546241623
"48113000100",1412,9.11261047278602,2.52456114820376,0.890837874282239
"48113000405",375,10.4110052367917,2.03089829844623,0.633449408086368
"48113000900",1316,8.02503991941063,2.13720714668722,0.658026474642638
"48113004000",107,11.3993204849448,2.26981804983604,0.869759226772322
"48113007102",1234,7.77802189340537,1.52300501863155,0.272417917657595
"48113007809",637,9.36982556905977,2.86572253661636,0.560328952703638
"48113007820",332,12.2826781032081,3.05104793284379,0.642746857215755
"48113007910",1148,7.83625157991665,2.78583669841333,0.428567706827811
"48113009201",456,14.3975633782896,2.45298587796916,1.34853628062279
"48113009802",494,9.17600638013266,1.81454526009408,0.157337772374849
"48113009900",753,7.46844045873982,6.23701849294056,0.0684546067366346
"48113010102",322,10.8073209480049,1.83890948774432,0.62381935234533
"48113012207",752,11.9217520139156,2.70281540275933,1.1757233197462
"48113012210",441,11.5027085070057,2.79779561234073,1.02273608518981
"48113012601",585,12.9197867441328,2.95955804175555,1.1060835136225
"48113013806",1177,7.03010275027,5.71269972107951,0.134443342578967
"48113014001",847,9.12080772186141,5.73478166443417,0.142421748556756
"48113016610",792,16.3246182479306,1.78080464071615,1.5608857103897
"48113016619",544,16.4257084409058,1.70941642090283,1.5932881492526
"48113016701",680,14.5654055313876,2.04965423879068,1.38426734342689
"48113016705",1095,17.477316778084,1.96410796411292,1.69631412097866
"48113017500",770,13.6779072764023,2.55508234577526,1.2918801072989
"48113017804",858,13.4580416465974,2.71901089544382,1.17193265074758
"48113017812",519,13.0641271861528,2.8077450880855,1.16564370841735
"48113018122",3405,15.4319687782276,3.47077471869579,1.69891046966698
"48113018501",550,10.3695900045133,2.92365745271516,0.803285847895927
"48113018801",623,12.0989576084042,3.25871601536745,1.16405653680741
"48113019036",847,10.7833692799863,3.63186753382575,1.0402742286437
"48121020103",2208,21.2088668238569,4.79667005676388,2.59360519660178
"48121020113",2777,17.223444347815,4.81326675934043,1.60501152631607
"48121021303",1789,15.7002920644187,5.24099493340494,1.57611196823571
"48121021516",1939,13.9062259475654,4.82964727697045,1.00485841119651
"48121021525",3546,14.2090875693348,4.76999479549065,1.46858490911055
"48121021527",2057,15.4031761349079,4.74594562289102,1.5169984723247
"48121021625",2646,11.6590759068024,4.78742667377038,0.94994380948552
"48121021800",1178,12.602681814345,4.67698057083702,1.23527406674645
"48139060204",2215,19.0523467685983,1.75980557771239,1.77579834252327
"48139060206",1194,19.5143012640106,1.87368294974593,1.85558634757663
"48139061600",719,22.3202736526747,2.0763829526757,3.06256359900826
"48213950901",190,24.9465583658578,0.793227052803561,0.581606148929433
"48213950903",113,21.3574364505238,0.349142005862561,0.916179169300225
"48213951000",95,21.316131793283,0.3299015817779,1.24655061371598
"48213951100",235,19.5429142897858,1.15202898031676,0.707901555667859
"48217961000",127,22.5728171394188,1.79011594195456,1.25807458803169
"48251130100",594,22.2822919140395,0.824959049239242,2.59413772556043
"48251130204",2164,16.58336197299,0.953935768795116,1.87472130580729
"48251130207",1630,15.7355183827801,1.16236513597597,1.72243784501421
"48251130208",1181,16.5793889314301,1.09252220174749,1.66634608205192
"48251130210",1015,18.3646810488511,1.1872018205175,2.06338206496335
"48251130211",1320,17.6662595128804,1.15470717048936,1.93771526420745
"48251130408",948,20.5309341912047,1.52786808993627,2.15449502304915
"48251130410",1141,20.6352116298982,1.45179391744345,2.16245797161347
"48251130601",1075,21.934247094836,1.21570526100812,3.03863725091084
"48257050300",611,20.9926667687521,2.83730697717839,2.79640624349501
"48257050400",1114,22.6915375990909,2.9292519989506,2.77387922064973
"48257050500",439,25.6485166094712,2.80173254659425,3.05665254988547
"48367140407",2290,20.5178627793869,6.11534391800826,2.5309199385249
"48397040301",1351,17.8967912047449,3.15742678358775,1.68884359372422
"48397040402",2451,20.9020146620708,3.40993764603779,2.35131815385037
"48397040503",1221,19.3390943230214,3.12980962098659,1.96077746220837
"48439100101",670,14.7927490710215,0.242096300752353,1.17835732505344
"48439100201",457,16.6090416900046,0.0399282864849086,1.37987523435719
"48439103602",249,14.2667086712575,0.650008238189113,1.06437541201
"48439110807",1214,15.3390862312296,0.147943765448396,1.98294062547703
"48439110901",1116,12.9766280962747,0.237850437557913,1.62017831164774
"48439111013",1789,17.9531644320538,0.858874042311717,1.93727366150729
"48439111311",1710,16.1166339036248,1.48216417556678,1.43104077022181
"48439111537",1479,14.2337337843009,1.57245738612766,0.906846922925073
"48439111552",774,13.5945991691316,0.966555134100184,0.887364479355257
"48439113514",701,13.0724312814179,0.230403511928133,0.554390907406084
"48439113627",1463,11.3683391610898,5.9191506491001,0.388324954158876
"48439113815",1804,14.2384545652442,5.63391193378295,0.904085247345917
"48439113907",1874,13.8160142280556,5.51807070021182,0.93888713243685
"48439113910",2379,15.491314683729,5.48433182420036,1.16904345661081
"48439113921",5115,14.1872903931614,5.61075000762717,1.1708242064861
"48439114003",1855,16.6793251939009,5.97495732346519,1.59551062155333
"48439123300",1173,11.5262229385965,0.267278102621128,1.50616787993482
"48467950100",396,17.4503912615454,3.89790412859391,0.517781293887803
"48467950800",496,19.1085072842101,5.90324365990008,0.758040337652919
"48085030203",4028,25.544660539079,4.11307919382336,2.82800711677892
"48085030521",1092,16.6147105159543,4.57434719446239,1.60323511014471
"48085030527",1350,18.377115067046,4.28876252593108,1.86512376994498
"48085030529",1024,16.684081245882,4.45025265509575,1.60053945482729
"48085030802",853,18.2192204009438,4.11842026311068,1.7709417902219
"48085031309",2361,15.0660024567691,3.5306971776658,1.55672456263178
"48085031313",3596,14.7208871747011,3.72617447780128,1.52998309726389
"48085031315",4943,15.4584525142862,3.65863934912198,1.72179108686685
"48085031316",1873,13.7706207392119,3.54051967338762,1.24932158328437
"48085031317",2547,14.8271909635464,3.43608249186987,1.51207002620441
"48085031406",5042,16.1493498072771,4.03812318605781,1.73509904341974
"48085031407",1576,18.2438558198296,3.84870225312137,1.99859001745997
"48085031648",2101,9.46391648023068,4.53986752378376,0.693220574909333
"48085031713",1143,9.7880327367961,4.82752621951086,0.560728447445482
"48113004400",1110,9.19244482635477,1.66280138273804,0.822351954574423
"48113007601",504,8.63064667126888,2.35188807712901,0.19795900628411
"48113007811",616,10.6068133239314,3.32817624451346,0.779096349943527
"48113009104",290,12.395676430244,2.33034942728091,1.1229232175667
"48113009301",360,14.7284608367247,2.30172788245945,1.31090258989513
"48113009500",788,7.99926179391924,6.14467784429015,0.0403973567556535
"48113009603",1366,8.66012901887901,3.91261654368302,0.328777047085461
"48113010602",269,10.6059415608977,1.48244074599162,0.390929309956509
"48113011101",626,13.3452763740133,1.76258327897272,1.2350731511712
"48113011900",689,15.4540862408352,2.51413044126479,1.4731939513841
"48113013607",922,9.26230605997349,3.93035142329571,0.538424983495158
"48113013617",894,9.66363820601584,4.33795804404356,0.561381628958206
"48113013620",1218,8.15395735183674,4.5861680007166,0.450734068960681
"48113013714",827,8.9552648521325,5.11063186484917,0.399438303751802
"48113014312",1895,7.76994624354745,0.0830973158857907,0.232555681349024
"48113016616",1086,19.9516491997218,1.45935771877607,1.95386422488542
"48113017004",589,20.2324852553889,2.46140904596425,2.01974941195151
"48113017202",1053,17.7103205480368,2.48282631657382,1.73897250050754
"48113017301",815,17.7102241663767,2.44292520561478,1.76868716900247
"48113017305",2234,17.129030322719,2.60377292344965,1.93546713776572
"48113018110",1157,12.7481378749282,3.09531274072128,1.31381799967643
"48113018123",1792,13.3113329417075,3.44544194948311,1.28333729641464
"48113018135",799,16.8304804897113,3.10900035250926,1.61139308390433
"48113018402",715,12.070654588278,3.0310197229031,1.0470990147377
"48113019301",783,7.57512535383565,2.73986629124473,0.483516836313316
"48121020107",1716,18.1732296953801,4.97592789203822,1.6026753630203
"48121020309",1980,21.4537838204044,5.63497249770127,2.38376076601019
"48121021201",519,19.1180241829348,5.10527385074599,1.85930035210255
"48121021403",2287,15.319061876373,5.01112255941844,1.22415680126629
"48121021404",2324,16.7903738334025,4.99078742472719,1.57589687659585
"48121021627",2665,10.2298077353829,4.75806125229283,0.676500330804255
"48121021630",1416,11.6077174047048,4.90682415439554,0.721214802772996
"48121021719",1400,15.908107440282,5.43007663150186,1.36672035461255
"48121021743",585,13.8056721029747,5.31263446045147,0.844362750821836
"48139060214",2225,18.5881557980398,1.57739379210506,1.74768183502931
"48139060300",764,21.9863222557632,1.80893761081575,2.36767591607666
"48139060400",551,25.4053402613126,1.76393433705218,2.88759645775157
"48139060600",1419,21.6472462731639,1.66162770314681,2.50148260813993
"48139060701",439,18.7785621836719,1.32876263734462,1.60050358577851
"48139060801",1785,21.4060385953851,1.51417108075342,2.23146983851301
"48139061100",770,25.7743074670064,1.74914307914918,3.01000290783676
"48217960700",133,18.9875113353892,5.43177342864749,0.357385146921952
"48217961100",204,20.6488395272278,2.58366997575049,0.826453456500372
"48257050201",1854,18.3794819842925,2.70459591141539,1.73721566939583
"48257051100",780,24.4061054910716,2.51104310516076,3.2516809008632
"48367140405",1055,22.774446002834,5.83108220175488,2.48028930226852
"48367140602",1598,23.6146576357582,0.344965515923271,3.00835390318053
"48397040101",1808,17.2141654664778,3.41067761164589,1.76903585921412
"48397040302",1798,18.4466584711815,3.21111419985209,1.95287873858414
"48397040401",2310,22.481959744582,3.2999732688597,2.56794257574085
"48397040505",2676,22.7845623809601,3.13019140542998,2.39092867789211
"48397040506",1938,19.6496726859751,3.01813017261295,2.06078566554037
"48439100700",582,17.530260858147,0.123112664549511,1.68118919170865
"48439102100",1252,11.8685504936646,0.20094479910788,1.52796097608082
"48439105201",521,19.3218966749073,0.201151020076394,2.03056564844397
"48439105505",778,14.2308630602789,0.60786837813583,1.76548890568207
"48439110202",536,14.0138949183364,0.224420456278687,1.26183323005515
"48439110302",546,15.3870293893496,0.266361779741995,1.27664677473692
"48439110500",1199,15.5189945430347,0.103457921144788,1.71536913067727
"48439110701",1026,18.9257150157217,0.0719958959833338,1.93760177347696
"48439111005",1348,16.141656368386,0.885480079605567,1.71115619605856
"48439111008",1686,18.7469605515347,0.812275156689922,2.0695894766585
"48439111012",1282,15.593012210613,0.88535487068938,1.78292610871565
"48439111016",2573,17.7848835293599,0.986466677163232,2.10114979638037
"48439111314",1624,18.1903774555821,1.65738878499507,1.63310971297092
"48439111506",1141,13.2457858838552,0.732370581929417,0.891738799297116
"48439111523",1369,14.8955172788973,1.29753537294472,1.07335052227412
"48439111529",1007,13.8636651119603,0.767242030423456,1.08951780962063
"48439111532",1936,14.6165794370453,0.958734155862599,1.28070946294389
"48439111543",1222,16.3557883840903,1.17731563318964,1.18699330723646
"48439113703",2908,12.2631009153363,5.28536672301575,0.850138360721501
"48439113810",880,13.5244780332917,5.87854202227439,0.79148560315195
"48439113919",1940,14.4600742592801,5.76764473086535,0.929656163846802
"48467950600",514,22.0155839720159,0.0890130927398032,0.161958507316704
"48497150602",1096,22.9458049302315,5.5539786783078,2.16597504978428
"48085030510",1008,14.6794421338442,4.49740355221606,1.24549548469054
"48085030512",1456,14.653472414327,4.28639447686608,1.53259056760275
"48085030513",2405,15.0947010271442,4.27723369521551,1.39911638604832
"48085030515",1939,17.1338497855595,4.25414342023571,1.55123126920098
"48085030516",1722,16.3303043921993,4.2694977140352,1.59730510305879
"48085030522",2455,16.2090788856995,4.54917199202495,1.62472332957284
"48085030525",1773,17.650080164782,4.40059785436114,1.8119573888078
"48085030531",1711,17.4165341633602,4.32362387697688,1.65814393937918
"48085030601",2477,17.963970652652,4.08152793912783,1.91461057031426
"48085030701",635,18.3150560067753,4.08652699503701,2.06418901959459
"48085030900",954,18.652338880218,3.94459173283503,2.12535257375134
"48085031202",1174,21.0117343262211,3.31073895287897,2.12059461121842
"48085031308",1774,17.4637651789101,3.55425114446466,1.84638366326171
"48085031310",2364,17.290625597541,3.45432891938616,1.9118104503589
"48085031405",6505,14.6085049956437,4.19037403388934,1.59149111017066
"48085031506",1653,14.4927173801945,4.04236101565508,1.40113012513182
"48085031612",1765,11.1940136178113,4.22478474082835,1.06067091975241
"48085031621",1779,9.6553337199447,4.20263050886607,0.752500676197568
"48085031622",1632,10.7201475344253,3.93379817726808,1.02518599360025
"48085031640",2366,13.3075042633282,4.25854650601876,1.28491509971946
"48085031655",1404,9.92977710394934,4.27742893541062,0.799682858593753
"48085031659",500,10.8761604778222,4.4815350405308,1.06133758869577
"48085031661",1156,11.7942423618751,4.47566886483341,1.11912147502401
"48085031662",1502,12.1051465179481,4.38989791177789,1.17817062049073
"48085031717",726,9.45627956780469,4.48333239511979,0.620965065273364
"48085031802",1440,10.2700094054111,3.84298790636256,0.913219940349047
"48085032009",2083,12.1720896180491,3.60147907862962,1.13657351974006
"48085032010",948,12.6083365381524,3.63220037274469,1.14297916245598
"48085032011",1983,12.6754910667316,3.61985941626316,1.10904793287703
"48097000400",188,15.8235598252843,5.10754897432223,2.80081086875788
"48097000500",238,13.0150846857407,5.01573177091096,2.94981137974821
"48097000600",556,14.1327193270551,5.0481596671504,2.71700338075315
"48097000900",702,22.8583669191741,5.36982628779098,3.1755538773503
"48113000601",1420,8.10131426583991,2.0012722494302,0.578109442500327
"48113000603",1729,7.38284923022693,1.94642114931033,0.47188137193253
"48113000605",984,7.86880828479978,2.02933161502875,0.631977763884079
"48113000800",1539,7.86125216467215,2.08225168124538,0.613143534474926
"48113003700",249,11.3846953652564,2.1821866100307,0.900305779161932
"48113003901",155,13.7460254403413,2.33840297798754,1.07855139741083
"48113005200",525,10.1683450621214,1.6107759972063,0.70893671961775
"48113005700",289,12.2324802813518,1.95868396192144,1.0371441776795
"48113006502",400,10.7715717632586,1.61642297345492,0.747560221094274
"48113007201",262,11.1373442240255,1.6680303873711,0.266582303113725
"48113007700",1452,8.2085719153703,2.87656281498125,0.343214916689169
"48113007810",1078,9.51024000815654,3.51378100419875,0.691390784591743
"48113007903",760,8.25592563703414,2.7941197110302,0.466828359257446
"48113008000",2134,8.62765431294252,2.74271488577902,0.708692660512338
"48113008500",414,13.1697531623749,2.5528670808691,1.22101977115383
"48113008701",260,14.3208662725518,2.16164208148295,1.18110800063573
"48113009103",295,13.576147910451,2.33986883556344,1.12630501755404
"48113009105",290,14.8438122416275,2.28008060189225,1.24119962824256
"48113010601",547,9.93186007513856,1.60002944820457,0.360413413879875
"48113010902",607,14.122805679137,1.7490100947126,1.22059549006062
"48113011200",645,14.3485136119572,2.00464584377743,1.27185712663452
"48113011702",450,16.2466965759947,2.39018432208145,1.54977518440726
"48113011800",577,16.5373590019931,2.48089625758346,1.53770988939341
"48113012500",904,12.9261889173964,2.76689338982438,1.07856493651535
"48113012603",344,12.2747883629499,2.9038244611922,1.02937573310114
"48113013200",1855,8.00087161674522,3.60195997354028,0.41572322945518
"48113013610",1050,8.89120829007492,3.55993747059417,0.529348100486547
"48113013619",1545,9.30328863290057,4.22482045494955,0.569928302281006
"48113013621",886,9.0848284362159,4.48325099908193,0.42212943736787
"48113013719",917,10.3787998673417,5.43565560933526,0.491972475415056
"48113013803",1478,8.65012996717489,5.19093266338203,0.241951856438454
"48113014116",768,10.428356115622,0.382516196378552,0.527110256952809
"48113014120",1618,10.063724483176,5.68236341690003,0.484811641526845
"48113014130",1566,8.60476106492393,5.35253632669331,0.339072673928598
"48113014131",1446,8.60296956559368,5.46176331784591,0.453291467975376
"48113014204",286,11.2375239674745,1.35068898171044,0.209302818391486
"48113014310",958,9.43899371952278,0.212082892642711,0.315941708157114
"48113014901",177,11.3464434832005,1.36264608872366,0.354810692125543
"48113015204",1296,10.5114726097313,1.30021376727735,0.585074964789404
"48113015304",485,11.5748244219401,1.06875228903064,0.381539441256776
"48113015306",1167,10.5671854427651,1.12062604944199,0.570397698649513
"48113015401",1195,10.7856399046627,1.01158103272929,0.547205054600855
"48113015700",276,12.0915668101984,1.63067771145211,0.473325810786528
"48113016401",1911,13.3676520786792,1.46098084764322,0.847075412193014
"48113016408",1162,13.3173507189806,1.55625767360384,0.847609282173538
"48113016412",1224,14.4590046716826,1.42720265216186,1.16189397071453
"48113016511",775,15.1435142410282,1.37101341727893,1.36267952504602
"48113016513",1134,14.6015561268361,1.46384426227361,1.25027734541163
"48113016519",451,13.7670484678457,1.42104802136128,1.18351171795741
"48113016611",1173,17.710070164226,1.73393803003741,1.71650597855132
"48113016622",771,19.5894408686147,1.65638197558052,1.90625211435841
"48113016623",1195,19.3166732190306,1.59037135812951,1.87788588295931
"48113017303",1426,15.4958044402635,2.63614762576084,1.57406588834472
"48113017605",363,15.803610697085,2.50137935509207,1.49411470987136
"48113017606",644,15.6574562242005,2.47475895938738,1.36467424728979
"48113017703",483,14.9958449325951,2.7023423982257,1.42915414620791
"48113017805",787,13.1732591192657,2.60360899119176,1.25706867495504
"48113017808",1049,12.9442658418479,2.98213978197002,1.19854085179009
"48113017814",1248,13.1411101104092,2.81392257939156,1.22778055147269
"48113018001",827,12.8367132103555,2.93036945086576,1.00601577178913
"48113018002",480,14.0291952722808,2.93067246352647,1.20929631362707
"48113018111",957,13.3646362169398,2.98577238476414,1.14216226656261
"48113018120",972,13.4739176106627,3.31410262112077,1.28127520827357
"48113018121",877,13.4183426868703,3.28644194336795,1.28008045258082
"48113018126",1052,13.1241628721247,2.95666596165258,1.13196957783969
"48113018138",822,14.5996470822203,2.96194723000374,1.36109559663811
"48113018700",585,13.3611590315824,3.13400590368278,1.12379852624182
"48113019013",235,17.4244013972256,3.20168865214855,1.25196675522729
"48113019019",851,11.7052072079151,3.23686920883684,0.813889356290884
"48113019021",1104,12.4867816955872,3.38580146075231,1.04328708824429
"48113019206",974,10.0848731440284,3.76328509041288,0.787999627316986
"48113019213",191,12.962151496654,3.48341034693587,0.761141573366974
"48113020000",1391,11.7416651306939,5.66748066784032,0.88294753132267
"48121020108",4652,17.5740453959689,4.77629777717679,1.65645528883884
"48121020202",1911,23.0498310507926,5.44338356510824,2.8731890126431
"48121020204",1039,26.2127390506154,5.24536936452867,3.06941288096742
"48121020303",2730,16.6465608302613,5.5970572104756,1.58349212574091
"48121020305",2081,14.760510641195,5.70936239632743,1.28205833347445
"48121020306",1988,17.0230078084767,5.88542121287843,1.56083851452172
"48121020307",3112,16.9235680374761,5.67212386738748,1.52307271110564
"48121020308",2888,20.6223978264013,5.79940089695917,2.23311062867321
"48121020402",1071,16.8891595298932,5.26370249752386,2.08866324508391
"48121020503",1168,16.8040358318215,5.14699343817112,2.05418398495695
"48121020504",486,20.6257438557026,5.03225196716553,2.14053419201645
"48121021100",474,17.9543510483174,5.24380379141555,1.95818426360535
"48121021301",354,18.1378792873754,5.22866398004012,1.86498984218275
"48121021405",2048,17.0920754936674,4.95284365480995,1.8988164007086
"48121021519",3469,13.0903479301307,4.62848089972572,1.08351420071296
"48121021614",877,10.7856876684337,4.80538507457516,0.509075984652526
"48121021715",1557,14.0510944471787,5.2463511037176,1.09307231311966
"48121021716",1303,13.7895163644078,5.18636422851996,0.945176224831531
"48121021734",728,12.1296588223209,5.31978870210645,0.573489563401092
"48121021740",1114,12.7973857271713,5.18704553481847,0.807734551025816
"48121021744",498,13.2029617718628,5.18976019108662,0.909670401403084
"48121021747",1442,14.2022343959573,5.44422462104571,1.12779496373857
"48121021749",1043,14.9940115922626,5.53301898053564,1.1466065601429
"48121021751",1478,14.7905644304138,5.60525506115077,1.22915841019902
"48121021900",1588,13.7579729955207,4.72730590100949,1.35581969284215
"48139060101",1240,22.669070301548,2.28294669383572,2.26328607872012
"48139060102",1080,24.930748424891,2.16208006897677,2.57203512119977
"48139060207",1557,20.0868669577407,1.95713078448137,1.84256242590533
"48139060209",1162,19.7243496154577,1.70924727090491,1.90680420100944
"48139060212",1269,19.8480209830995,1.80520061536423,2.10566538471305
"48139061700",849,26.1653508880181,2.25447775392011,3.25144421887467
"48147950401",171,17.1012619683308,3.90201883748882,2.13725613583375
"48181000302",494,13.6215134606905,4.6717608131523,2.50418843140847
"48181000304",253,20.0161305277626,4.86628496747309,2.6637457517541
"48181000501",199,10.3221936048975,4.34192318728277,2.03802718225729
"48181000600",351,14.8952213051671,4.04773990573941,2.35421684739313
"48181000700",239,12.6202901096002,4.14300575344283,2.55263642611073
"48181000800",749,10.5877446862401,4.53070406800427,2.71541592692584
"48181001101",590,17.4312090531405,4.75603354650261,2.99707558733463
"48181001102",856,19.250240948025,4.78977252593251,2.6581632848679
"48181001200",734,11.6340108901235,4.64981936918978,2.56719657027287
"48181001300",441,16.182735119049,4.52397335341466,2.49970072480171
"48181001400",377,14.8108505624701,4.22071760834603,2.68440410162339
"48181001500",528,19.2547862843662,4.20707427318559,2.73650246916462
"48181001801",840,20.0288512302133,4.2569608825262,2.64057368036743
"48181001803",811,25.0603773533909,4.32264419844382,2.70424662552597
"48251130212",663,21.5152566125485,0.744359555518095,2.07150467680724
"48251130215",1107,15.9063750470019,0.900388845129472,1.51671347248251
"48251130304",990,19.0748644539868,1.1969286833218,2.4084088076375
"48251130407",1125,18.4149268676472,1.49210491398029,1.80869811950333
"48257050800",2197,26.2736852340245,2.28422834948168,2.79586129042308
"48257051202",997,30.2577991924509,2.31480155432804,3.35603948717256
"48367140200",925,19.9306831632207,0.0497020755048366,2.83639370978697
"48367140403",954,23.0651424297047,5.78349816275098,2.56124610930193
"48367140502",721,24.9325340442805,5.89328163307741,3.01010074290475
"48439101301",772,14.7404938646034,0.648326345224812,0.91435625174557
"48439101700",181,20.8194032129081,0.337936629979162,1.73032129702856
"48439102202",776,11.5428857452438,0.216161508625414,1.58638240845494
"48439102500",356,16.8511394150332,0.337813797549309,1.9189336888702
"48439102700",1031,10.6596207682399,0.287443448120262,1.4947748655109
"48439103500",356,13.8386484985305,0.47362355224467,1.06164057888831
"48439104100",731,9.34346391238238,0.486846564628644,1.11937268502308
"48439104803",464,15.0105991774772,0.600123259676625,1.4305766034875
"48439104804",226,15.4634232427247,0.567737580525257,1.41892100083467
"48439105008",1468,14.4183955232922,5.98735667947885,1.24683839569144
"48439105203",349,15.8692481499525,0.214845419409985,1.83995278719459
"48439105204",300,19.4845848010862,0.23715253313602,2.04511327044648
"48439105502",968,13.2580463819195,0.772516184053295,1.42589403254636
"48439105507",1700,12.8940780769219,0.54352231740253,1.71955631162957
"48439105511",888,15.255196346391,0.804811338985781,1.73065364200224
"48439105514",466,14.1087333304418,0.534269553840248,1.41588643523625
"48439105800",388,18.2500937244094,0.638880439903409,1.55840182711628
"48439106004",713,15.2491579333743,1.16986597207029,1.47261625651195
"48439106510",2339,12.8604837314662,0.30520486463956,0.80776392273244
"48439106515",582,14.961716497349,0.431244886526535,1.08482946260635
"48439106517",1461,11.1634602313367,0.450039446020453,0.393264857745148
"48439110203",1803,13.8384187366939,5.9566603693351,1.1212549225038
"48439110204",1073,13.608262165995,6.17607189345852,1.1427186508735
"48439110600",454,16.3065757923893,0.102227716017811,1.79762009365578
"48439110805",1540,15.960350571514,0.148428261634513,1.97915670314611
"48439110808",617,14.8315815213295,0.3781829867372,1.67486548825934
"48439111304",1970,15.8521746203311,1.47586927689459,1.38011685922204
"48439111313",2143,17.2670561075193,1.68399416905194,1.46382740347951
"48439111404",1926,15.6006702415761,1.07283840368392,1.40162380960981
"48439111524",1201,14.3696085521254,1.18174984971232,0.940930381685463
"48439111525",990,14.9882061512437,1.19060378344672,1.00322326350599
"48439111536",622,13.8103550369064,1.44595214277416,0.906371897152681
"48439111540",1268,14.4453702559526,1.34656043182592,1.04056834664014
"48439111546",1710,13.5671549924709,0.991983855774343,1.13811587703993
"48439111547",3513,15.2968999485204,1.44347844712931,1.23514481284683
"48439111551",1805,15.6862144620695,1.36068249050579,1.42266019106168
"48439111553",871,13.6665535755698,1.17093235063591,0.89673929770772
"48439113207",1229,12.8670174980808,5.58197472426141,0.785635303635863
"48439113212",924,12.9533696216186,6.15334961217215,0.939798565521405
"48439113509",883,11.4756522892674,6.1450814655807,0.422127382828881
"48439113630",886,11.6311007692898,6.126569337956,0.593397299987268
"48439113631",1411,12.2604224648433,5.7155565164512,0.623121841726608
"48439113707",1661,13.1449767291083,5.26551160298135,0.899314477774285
"48439113809",921,13.8364960907384,5.89713111053828,0.954274863185564
"48439113816",1630,15.3443703584371,5.72839724462551,1.02502916499864
"48439113922",4332,15.3536775396216,5.71872269578215,1.3786346699247
"48439113923",845,13.7008399340261,5.61310793171849,1.05062586810113
"48439113927",3933,17.1206406558479,5.64344198545508,1.56376473340895
"48439121601",1419,12.693955347792,0.579268860059284,0.848932090853717
"48439121609",1682,13.9711923099562,0.695196462492671,1.25910519549357
"48439121610",705,13.3085000735053,0.768322696311832,0.988007022193798
"48439121703",493,14.0434745460297,0.57911229837474,0.780618454233507
"48439121704",362,12.1889478674534,0.888002271134636,0.465605132840673
"48439121904",405,13.5369646511655,1.38471706966946,0.7292582987563
"48467950500",338,18.2344919355464,3.03942397873315,0.905097632253219
"48085030305",2381,22.4271246462999,4.51093579466765,2.37829685993063
"48085030509",890,13.4050665086523,4.50691796722383,1.34171381633905
"48085030517",2029,16.167196463239,4.34987851644699,1.52130450960965
"48085030603",1886,18.0831342759789,4.20434291929644,1.76949045807419
"48085030605",1660,19.8029285330514,4.27741326593521,1.98551732258827
"48085030801",947,17.8249289431555,4.04989843576423,1.75168597152895
"48085031312",1768,12.9893688352662,3.65861149867295,1.40230780712566
"48085031408",1046,15.4374176408427,3.78546116840674,1.60720942134453
"48085031410",2512,14.5720530293506,3.92797333789905,1.54049295538239
"48085031411",1636,13.9521158547126,3.78636052286657,1.41622895213355
"48085031507",1404,13.9605793872039,4.09367800620324,1.420787554362
"48085031627",1220,10.7870305301994,4.08100147933495,0.945157632743455
"48085031629",759,12.5960175056554,4.02220190462796,1.06695965412366
"48085031631",1130,12.8591445258129,4.18346166875707,1.15776668631621
"48085031634",776,12.0716524156566,4.08569296314829,1.03358561090369
"48085031642",1466,11.4926196745185,4.15377929008181,1.28765097965618
"48085031646",1676,10.1303162426636,4.63081882283359,0.869600225345367
"48085031652",2514,9.85184082504607,4.39746373248778,1.00226952363104
"48085031653",2229,10.6253784629355,4.36796591769453,0.872788023610533
"48085031654",1193,10.0993617391365,4.35475345092745,0.738283838715929
"48085031704",1240,9.54945185121422,4.80412009578016,0.51685153985
"48085031708",1045,9.43584705398845,4.61161804979657,0.579406746365302
"48113000201",1201,8.92057042576696,2.69205779468887,0.708761162564487
"48113000401",799,8.45846891335755,1.68125653051701,0.588201977015307
"48113001204",267,12.0189545276375,2.4226299652555,0.879675496874615
"48113001400",725,9.83302306624654,2.42278430165301,0.778573597555287
"48113001502",436,10.9504592679807,2.26220300743239,0.836831530502703
"48113002000",903,8.92465435283918,1.90203030820022,0.741825036205876
"48113002701",193,15.4974698560947,2.34132186884134,1.18014227484295
"48113003902",168,11.7610473507106,2.10839537846837,0.931811332555079
"48113006002",372,15.9683340998962,1.90227499193525,1.20349980230619
"48113006302",689,10.5158907334306,1.76408598953152,0.784513937657145
"48113006501",504,10.9065791635944,1.51288796813389,0.745828376674519
"48113007818",345,11.9432627278283,3.0047975506217,0.673009900746905
"48113007819",272,9.25751258148719,3.08137957997974,0.415412297796299
"48113007902",1631,8.31645798940417,2.73220182807029,0.672484616370917
"48113008100",2010,9.37025184693099,2.48502251625036,0.70436881019637
"48113008704",225,13.9377177701649,2.14924364399328,1.2126304496837
"48113009000",552,14.1917708818516,2.44204464470886,1.26277890900543
"48113009401",795,8.01300155339669,0.425242250182818,0.0970218164392525
"48113009402",911,7.6189922189084,0.605842892366271,0.106130791933092
"48113009803",312,8.87807019786127,0.533139550933525,0.151657185367679
"48113010804",260,14.3794329296972,1.88398253226792,0.908390769536225
"48113011601",302,14.671741916578,2.10643091470576,1.327627594717
"48113012204",1155,10.8845696479023,2.60317703805517,0.901176861279762
"48113012206",808,10.024459455489,2.63423627579527,0.943842544846362
"48113012702",415,11.9043269555521,2.75556830072315,0.872062809698729
"48113012800",1671,10.8061148337892,2.94150977102872,0.840430353578624
"48113013005",1257,9.81881651346985,3.05060048937633,0.761613000089245
"48113013625",497,8.586466860558,4.37660071350249,0.336345547625116
"48113013626",884,7.71940853817205,4.13700859910359,0.208583585901155
"48113013721",1841,9.3683574362075,5.05539531516416,0.426116700753724
"48113013727",1147,8.24117131980764,4.90588196655117,0.456436319777545
"48113014135",1384,10.3908757060962,5.54314803222432,0.628840889723059
"48113014407",637,11.067430353352,0.401804799866689,0.414693813011565
"48113014408",781,10.1544414028196,0.776998661899655,0.544032021822244
"48113014502",593,10.0458870872497,1.18126785309707,0.419284872793793
"48113014701",487,10.279474842037,1.39471201915209,0.24138554857125
"48113014702",440,9.97129171759408,1.5435028739212,0.415826593847576
"48113015000",951,10.6623005847508,1.5744061968351,0.436409370108785
"48113015403",464,11.2822227284908,1.07071389663421,0.621676093213486
"48113015404",429,13.5662306370207,1.25845299573461,0.698034685635435
"48113016001",490,14.0222813526335,1.33508505356033,0.679476473713276
"48113016502",962,13.1677050344627,1.56019992936856,1.118394737664
"48113016510",2259,14.7147387356516,1.29612797534293,1.2716992097793
"48113016514",1622,16.6852280557127,1.39313282899107,1.54610902903782
"48113016516",633,14.739688775724,1.68444762362233,1.16406651298187
"48113016518",755,14.2768564490553,1.55542224473398,1.10430426489197
"48113016520",840,12.0005032266901,1.31774519732611,0.901414040111966
"48113016606",1246,14.314985354156,1.66716507588549,1.32214408460412
"48113016612",2959,17.6502352332755,1.59844185140428,1.72081525272202
"48113016615",848,18.9973347535256,1.52032469159262,1.77646246032655
"48113016617",1167,16.0699573518097,1.55138251737783,1.56989736639154
"48113016620",1222,17.157603749846,1.74508012494358,1.59872412159372
"48113016624",820,19.1907519891719,1.51484540450098,1.86140932994607
"48113016803",976,17.9462072490186,1.99031702592404,1.86695136365978
"48113016804",1551,17.063318448083,1.93765730925754,1.66529056930375
"48113016903",586,21.8123466361577,2.24133588966396,2.06310888705453
"48113017003",1376,22.3671159093108,2.52453804097265,2.25087407599712
"48113017306",1427,16.1129349654897,2.51600958864141,1.72306627143888
"48113017807",813,13.1103068957643,2.80675861113271,1.17976786716084
"48113017811",991,13.486199030981,2.98304166835943,1.21792948439674
"48113017900",568,14.4566538478044,2.64421382127393,1.12081328928024
"48113018105",619,13.279336285873,3.23920508342999,1.33196156952701
"48113018130",725,13.1004786446191,2.95109345181398,1.20327201744691
"48113018132",1054,14.9531698088601,2.8990764575343,1.40445039710332
"48113018134",1669,17.1215155228173,3.26124545228918,1.7759210441943
"48113018136",2385,14.3222718337375,3.06902660202328,1.40093881962235
"48113018137",822,16.0434121922836,3.0212946877248,1.51092134485114
"48113018140",1518,15.1644391494795,3.2760155582247,1.58075510260154
"48113018401",676,12.7653245461816,2.93339521592857,1.08057881701833
"48113019014",805,11.535402989078,3.33544288069015,0.961761324625347
"48113019018",771,10.8568109238721,3.36665021556263,0.981971112239212
"48113019023",1382,10.1655510069331,3.43555744750758,0.995711426706679
"48113019024",883,10.2641257889876,3.37250369113742,0.843047250576724
"48113019028",605,11.9100865066877,3.50763997386806,0.971052620906178
"48113019029",1048,11.139998999513,3.37763468291156,0.914731891745166
"48113019032",476,10.9940704173942,3.2668737473027,0.752928689700487
"48113019033",428,12.0382699148339,3.27939025818735,0.747007446186481
"48113019040",1404,8.91134339361045,3.54175808539183,0.650951440323724
"48113019041",785,9.63744727946813,3.31052435080573,0.737017042758382
"48113019204",1317,10.1265026060302,3.60234104656219,0.692334758471199
"48113019501",1620,7.56963688770499,2.38189755173096,0.386331308632265
"48113019502",1073,7.11841619931897,2.25296965186133,0.376511800566901
"48113020300",213,9.59732064558483,2.33233042495165,0.776430924806813
"48121020110",1810,17.0810045775424,4.75907083422097,1.65092176549597
"48121020114",2219,16.9608169764124,4.80147267339787,1.52323417706297
"48121020800",570,20.311259709523,5.40676935086934,2.22628401547903
"48121021304",1105,16.284979945754,5.40611016245099,1.74014405019036
"48121021406",1837,16.4034259736816,5.31175212749389,1.66689762354939
"48121021409",2402,16.1068916005741,5.158374667939,1.57081611894635
"48121021526",2089,15.9346392919403,4.59584880881623,1.64073313024338
"48121021613",995,11.7106663006599,4.82553289315296,0.623889048618391
"48121021616",1033,11.0886051987405,4.67592540940233,0.650287739624604
"48121021624",1865,12.5861137690658,5.05131993681254,0.800668790446384
"48121021636",1877,9.94212646551799,4.564826982525,0.498312981813632
"48121021718",2936,17.2170177056844,5.38843224518472,1.54541888675676
"48121021725",1212,13.4844105699906,5.54222270923097,0.971901964715138
"48121021729",1070,12.4927842807902,5.53246877560366,0.857376661773758
"48121021752",1597,13.8628366330837,5.63876100881401,1.05307585503995
"48139060213",1613,20.1602992121567,1.94755357697074,2.16246689005569
"48139060500",384,22.3389529617578,1.687352500182,2.43894517843592
"48139061500",665,22.2052198039354,2.03919162858082,3.39529351646565
"48181000200",131,15.744791398181,4.03230348042225,1.94545073175542
"48181000901",451,11.2878107050819,4.66315862058601,2.39557300091866
"48217960800",412,18.3296307578054,2.19792614288669,0.813462025141661
"48251130405",1201,16.7669607919919,1.40137687884068,1.63578588705598
"48251130406",1292,18.2317232804789,1.41960607718914,1.70531391728472
"48251130602",354,22.5837387886613,1.08921837304139,2.91197105262835
"48251130900",310,19.6669540566606,1.22321333474111,2.53643379378304
"48257051201",418,30.4313808327978,2.51641324040752,3.43853371727295
"48321730400",281,17.6483192836313,0.741641744643871,1.37995651331492
"48367140101",724,20.8107159639079,6.27891664906823,2.42659391001204
"48367140704",1954,20.2760117977634,0.414504187497235,2.44579885206794
"48397040504",1617,17.7841762768793,2.90813464789024,1.69770671128937
"48439100502",670,17.7671044454102,0.0409713096703757,1.68190293895285
"48439102301",370,15.1475029137639,0.284003405287867,1.76377363364857
"48439102601",575,13.2075691545236,0.203870930742807,1.4142511351547
"48439103702",288,16.4347477702253,0.683483255539877,1.36823220674155
"48439104900",335,15.456188768914,6.27629589240475,1.11569886187918
"48439105404",1023,10.9927156092386,0.606433336625825,1.43864274321396
"48439105510",1501,14.6983519351112,0.651444900569222,1.93052576217546
"48439105701",564,13.0968957632985,0.819762408637885,1.4463384358618
"48439105703",542,12.5051836666158,0.800984538862284,1.49598047080091
"48439106202",277,14.7746616073473,0.87328815910629,1.07479612449929
"48439106507",327,14.3385567736526,0.347387465213039,1.19593456283095
"48439106512",879,13.3749747827707,0.640786260320549,0.703081083787095
"48439110905",1089,13.1790264081874,0.501688507375838,1.63809637866957
"48439111104",483,17.6931979343324,0.84463280115751,1.49368565613621
"48439111307",686,16.2247980285155,1.37215809121825,1.24845776390597
"48439111308",329,17.7016007771438,1.44415883618905,1.60449879310526
"48439111312",985,17.2798418825137,1.49409690411672,1.68515399670419
"48439111409",1572,14.4371470833007,1.24206762606472,1.27859149245315
"48439111505",871,11.8029058466034,0.657824308434548,0.888140164386621
"48439111521",1278,14.938807339439,1.31894157156446,0.859245820358051
"48439111530",1649,13.7589287717277,1.07740589592865,1.12726940127068
"48439111538",1269,14.0005884955248,1.45060661902841,0.950212609483652
"48439111542",1435,15.0948414701388,1.32597234992154,1.23678373791463
"48439111550",2861,15.959880288625,1.38787145908351,1.29521856420495
"48439113116",733,11.1769996249271,0.797597983202924,0.37445874915543
"48439113210",1716,12.2344334971838,5.44546026719029,0.697114170464759
"48439113218",743,13.2159209447516,5.83516500240261,0.820937772789921
"48439113221",1202,13.5676048031195,6.02552762839524,0.910222803856398
"48439113518",1513,10.3088399740875,5.10194069081928,0.216164033829815
"48439113607",902,13.4999506230377,6.17735101991899,0.745435554814708
"48439113613",1079,12.8127147719289,6.13339979478027,0.881288260229142
"48439113709",1619,11.6522841902063,5.85505027232183,0.55407118208562
"48439113813",1582,15.1360837593507,5.71718812246436,0.971253678878817
"48439113908",1517,15.4357505442159,5.6521687057766,0.993456845802376
"48439113925",902,13.9218152463361,5.80492145543387,1.10233663142549
"48439114006",1555,15.0287508458322,6.05543330503521,1.59125123780079
"48439114102",2201,17.1356482053186,5.94575764317605,1.92229405679558
"48439114103",6366,17.9448239243452,5.83573540513104,1.89730123287208
"48439114204",1211,20.9293482866326,5.94967799594787,2.27283760432618
"48439114206",812,16.1299102763922,6.07582722673688,1.83653846284152
"48439121608",1266,14.1055974824541,0.717661200199418,1.10488411933224
"48439121903",400,14.8050477856652,1.53536645565765,0.788868754091873
"48439121905",492,13.5942006882099,1.29116812982604,0.791067210088831
"48439122001",412,12.5488774907046,1.26978275655164,0.747420218463545
"48439122802",510,12.8860137100481,1.12667867868663,0.879650469424536
"48497150603",712,21.1799473390106,5.59189233799645,1.86581720492426
"48085030504",873,11.4756262741246,4.75672806950116,1.15369412977292
"48113006200",604,11.6637546110178,1.87324304038738,0.926626143576307
"48113011001",885,12.5606440067379,1.81156439982241,1.0611906935453
"48113012701",572,13.1750842858996,2.93879998782228,1.04144522562116
"48113013901",440,9.50745020327549,5.06646950166313,0.279487795394655
"48113018104",1864,15.659186394241,2.85312434146642,1.63074371651153
"48113019026",1152,11.5174342402144,3.37132114181198,1.14481804227258
"48121021502",717,14.047073189532,5.06273350912467,1.05865981097959
"48367140300",791,20.124976266314,0.0252061428103047,2.76566980892035
"48367140408",907,21.2392045261757,5.91254888291703,2.1994434225772
"48367140703",1484,20.3993544310035,0.176895123050371,2.17557134969139
"48439105405",815,11.2883793136963,0.558036220139223,1.4121014896784
"48439105902",232,18.6990675761626,0.748763560139742,1.49313027033319
"48439111010",601,17.6229479957868,0.762238922329232,1.85582921986902
"48439113215",1173,12.760785494753,5.60040929577969,0.72850309574578
"48439113610",3338,13.4494763907781,5.60531913166592,0.699548020300764
"48439113632",1655,12.2756476583884,5.58785654478484,0.53173001299802
"48439113705",1120,11.6071263191523,5.52415524483428,0.560101999880946
"48439113911",1833,15.0685955182741,5.74798734442827,1.22618638709261
"48439121604",896,13.1065817182417,0.693570752969159,0.764889450984609
"48113006301",616,11.4009860040396,1.8048168657229,0.879784428463245
"48113006800",541,10.7663484432454,1.59050737071121,0.738932412189223
"48113010101",376,10.5051679865643,1.67213289420096,0.56881162993045
"48113013720",1058,9.67631238065476,5.26367539960038,0.327954977486793
"48113018203",912,13.2891705360633,3.19341768774543,1.2623177181389
"48113019700",482,7.48236066807962,2.07006336756078,0.521286099687632
"48121021726",1132,13.5335576038883,5.63493397233876,0.947136786936274
"48121021736",701,11.1929135981263,5.37101254029674,0.515887299815616
"48121021739",426,13.5623215157833,5.18480188620227,0.726619932553952
"48139060703",400,18.6845110032169,1.29878209204112,1.56334080775323
"48181001900",1623,23.7183859260118,4.57546401675514,2.58969114405006
"48439100102",782,13.222602279445,0.238642688987115,1.21756707943212
"48439100900",208,14.9703603293432,0.0828670787738928,1.38598665822048
"48439111522",1135,14.6850303683629,1.42684908820868,0.833895770655278
"48439113808",1343,13.331426118276,5.7843142427205,0.973641145509951
"48085030301",1650,18.6079715243877,4.41933529967998,1.91333807903907
"48085031314",686,15.8377965588521,3.63888331713523,1.66269124340181
"48085031505",2732,12.8831044399114,4.10471943131724,1.36591802274333
"48113003101",1592,7.17264100141066,1.93928728022254,0.681108084164501
"48113007604",899,8.04170490463997,2.70202740899908,0.325396502477723
"48113012000",488,15.8558685731828,2.55595050787267,1.44533858133453
"48113013902",826,9.10107956839154,5.43224501312114,0.193588222291867
"48113014137",2465,7.22618800021892,5.81856559624278,0.206899326833823
"48439103800",199,15.4983358992893,0.539647332968248,1.26873090186449
"48439110704",510,18.1359866592042,0.118587141159695,1.8882307747058
"48439111306",1032,16.826834968952,1.31951750472209,1.5171056845653
"48439113110",929,11.1662984415376,0.836167796068885,0.408764956704139
"48113000404",1121,7.3187752482601,1.39491291400791,0.437003120923779
"48121020105",2137,20.9664973878681,4.72726493801378,2.0094700400974
"48121020203",1179,20.7774766330856,5.0714094104668,2.61683692224103
"48121020403",713,16.7174836830248,5.293319989328,2.16394801989112
"48121020900",274,21.7219240210822,5.34470068304174,2.2570184972282
"48121021517",987,12.2973977393946,5.04306875747587,0.914961836308888
"48121021612",1048,10.9405108832539,4.99050265262377,0.551700796088601
"48121021620",780,10.9361568319641,5.37101761850127,0.471534909845678
"48121021629",1916,11.5813638903526,4.83703579930287,0.831620402732477
"48121021723",541,12.7142165353457,5.34573029711977,0.839770084995337
"48121021753",1694,13.9914371464972,5.77147529492142,1.04831321074813
"48139060211",734,22.1119283844126,1.63370846693809,2.3920667093984
"48321730201",797,19.7271099886331,1.30180995835014,1.8252314116713
"48321730600",378,20.5871634787374,1.73650845204274,1.97487033019285
"48439101202",511,15.4645160876835,0.331805214307034,1.36355616398801
"48439102401",874,12.338759101321,0.262091714012786,1.70773312330681
"48439104504",229,13.2087159887806,0.969018496483662,1.2484439593282
"48439105512",793,14.7595292311771,0.766196691580857,1.72231071709394
"48439111301",2213,17.6999936860904,1.20694694984673,1.65637740218137
"48439111402",1565,14.4406050994426,1.24493973925503,1.11356648275279
"48439121606",997,12.4509039297322,0.631856528468293,0.900106507360613
"48113009610",172,12.0245330116287,4.91621991998011,0.240594874578335
"48113016202",726,14.2422984977932,1.41531596359418,0.833898471662093
"48121021000",363,23.9897507691674,5.24069925001653,2.32580589125012
"48121021626",840,11.1606483382524,4.82085093220978,0.887304717341841
"48121021632",1208,11.0768003919332,4.62438854193313,0.699839293186243
"48121021721",1245,13.8733514688514,5.32544295501642,1.03926243303794
"48113013606",1279,9.11129474212749,4.07541226664598,0.461458394549619
"48113018129",948,14.0095885333147,2.78324865265484,1.24637713898958
"48139060702",841,19.0447773593067,1.49841613544595,1.67929401366581
"48251130214",810,19.0376157680489,0.909469482408839,2.06627708498053
"48251130303",553,23.0165939984057,1.28758687870904,2.51662023130069
"48257051000",236,24.9591866450445,2.5413012356151,2.94859436548566
"48497150200",1005,17.3347619028115,5.49404897981053,2.72609036164688
"48113014113",900,9.85874835768556,0.218934272060839,0.382140687230931
"48085031504",1957,15.3384090975542,3.92145181763014,1.63813433004687
"48113001800",2354,6.77257935867605,1.78715712478465,0.642573723363355
"48439122900",658,13.6996099998817,1.23159206800925,0.772259058066033
"48113008802",338,13.1696328987738,2.16251777388474,1.1014630786585
"48439111202",775,17.7124316065333,0.942594584159489,1.76356588362597
"48439111203",1167,16.9495086068651,1.02049201835472,1.71789634306235
"48439111408",852,14.7683154060716,1.03334153574981,1.40604257133308
"48439111526",906,13.8756378866447,0.99672420367457,0.896605299034305
"48439111544",1648,15.5679531968591,1.30732489136773,1.24920111557849
"48439113001",1024,10.7002355534785,0.61582172299509,0.146053115374664
"48439121611",1199,14.5850833417333,0.857805730670161,1.2486936891232
"48113007826",132,8.50791229524501,2.75552473154065,0.53039053906545
"48113018118",1551,14.6394921312,3.07223353283594,1.33501230175906
"48085030303",1799,18.2700479512098,4.56571897088478,1.85776507004807
"48113013713",90,13.0892272071819,4.92303296511514,0.351537289001193
"48113014129",1593,8.52795722756072,5.58366141772791,0.398719297263982
"48113014311",1691,7.86987682996436,0.266025899966405,0.303836898389902
"48113015600",497,12.4117132351865,1.53493964558687,0.448297962049531
"48139060803",235,21.326271878533,1.11827187069221,1.92253036808981
"48439104503",237,13.9586379497562,0.742130845870237,1.29741361314553
"48439111539",2269,15.0414168201725,1.50756798604916,1.08146040306484
"48085030304",873,18.5832047839056,4.66138360952057,1.82168280026183
"48085030702",860,17.5775975196204,4.10840927223675,1.85950744689374
"48085031201",1311,23.2152103330959,3.41955082363551,2.42439048556274
"48085031714",1524,9.90750359455078,4.76619992765254,0.646692217117998
"48113002100",765,6.32993069591609,1.75344953561233,0.634410373691214
"48113003800",176,11.6678912235514,2.34127121032413,0.87459548820815
"48113006001",263,13.3677068021805,1.8863264218209,1.01975404872422
"48113007301",808,6.88959957400251,1.5842740688596,0.310489102858051
"48113009604",886,9.20666177113155,3.80093169985158,0.418222632021061
"48113010000",1511,8.25561209361813,1.69404945345012,0.555799065722999
"48113013007",809,10.3509818297874,2.98727119434461,0.894847002538103
"48113014114",642,9.85478944178179,0.17852526018055,0.242887379502517
"48113014136",1738,8.20095326670039,5.88372656364267,0.307677554757318
"48113016703",1524,16.677333309594,2.00959081829313,1.61173730403587
"48113016902",441,19.0963067923249,2.17989886320513,1.81614384581552
"48113017001",896,22.3587919607195,2.27976004737286,2.26186863393803
"48113017602",548,14.4612755020647,2.5203286382928,1.29874011185553
"48113018206",446,14.0484624093154,3.01905904672425,1.25358186903387
"48113019038",542,8.50938885004276,3.48584548413249,0.693445506832859
"48121020111",1321,16.8263674668744,4.75834741596725,1.59971380480972
"48121021515",2810,14.5735265183013,4.97261664958476,1.14572892463722
"48121021523",960,14.4052453159886,4.67579558356786,1.32058419077219
"48121021738",955,10.9242057239024,5.32688987175102,0.481979723178762
"48181002000",176,17.1758779612646,4.39472955850592,2.55022964479856
"48367140102",595,22.1700449856723,6.23875106407478,2.59086950883178
"48367140411",786,22.1975991320681,6.03321376906685,2.36336313488858
"48439100300",425,17.1613670758185,6.1512401282821,1.50769800057501
"48439100601",519,15.6708614217697,6.19408757954917,1.85886049751404
"48439100800",601,15.0756057501839,0.0814854682937003,1.37157494388691
"48439101302",365,16.1339774576783,0.799980891080484,1.02097131604061
"48439101401",800,14.7747335709326,0.506746989358785,1.12384757885724
"48439102602",699,10.6944054092686,0.299011717244245,1.20247114934644
"48439104604",172,14.3652986254184,0.688210582333277,1.17719579968138
"48439105205",366,21.9632821732787,0.162388007498885,2.31062472314537
"48439110703",697,16.4027133687691,0.126854261534418,1.9247948322188
"48439111011",1574,15.9568603015946,0.839581170266139,1.86365374251411
"48439111015",657,19.0933889285819,0.932090599162636,1.90994621128435
"48439111017",2647,15.0346142779151,0.862831490372555,1.93893894484742
"48439111406",1105,14.8752616490725,1.2800697044356,1.52381556865587
"48439111534",1776,14.9834551896052,1.06839046791539,1.2681724687405
"48439113214",1128,12.7879374752497,5.63353505679011,0.723671314876128
"48439113512",1417,11.2521975688343,0.106572087164303,0.51757448647472
"48439113611",1352,12.4169748959351,5.71964858787769,0.718434272345051
"48439113622",1623,11.7875910598999,5.58578328257115,0.572824786787036
"48439113625",1024,11.4986082765942,5.81597002453096,0.550867665054231
"48439114207",1347,15.6571607014418,6.22956811781586,1.92141874791285
"48085031625",1219,10.1178781323832,4.30935585263463,0.861127788337949
"48085031805",1552,10.8393596709318,3.68300728736599,0.964587758771945
"48085032013",1224,12.6566194517425,3.95576477940032,1.18221892827097
"48113007302",1122,7.52356558364594,1.37290361303576,0.265133977861735
"48113012301",577,12.9002653307559,2.77802156859924,1.06952954676287
"48113014902",320,9.90180434195116,1.30778297500395,0.336839677632736
"48113016704",588,17.5297162857518,2.0131142144816,1.67868484222572
"48113018300",834,12.9816018791143,3.0190804398096,1.13777549967333
"48113019203",1132,8.73496750225813,3.63211355811098,0.645985424660973
"48113020500",377,10.5310328792751,1.62311040269404,0.538527948470429
"48121021634",974,11.7381564991693,4.52728679744816,0.806227606444226
"48121021637",976,10.7883203349916,4.69386841538682,0.592478169135572
"48139060208",1173,21.7610998388493,1.9021512932405,2.5190993144573
"48439113814",1440,14.4056564913146,5.65258829572414,0.820745423408182
"48439121906",323,13.1060513907385,1.16945259958523,0.765446680399613
"48439122002",455,12.2344066649467,1.17510714836348,0.689392454245481
"48439123600",192,13.3498555961454,0.420285964392279,1.30775787274557
"48085031001",1263,18.7382569167717,3.65134153592726,2.11125796578341
"48113005902",309,13.1807974432767,1.88101878377339,1.12818920577318
"48113016301",959,13.2133586205177,1.44137022978008,0.748786602452445
"48121020104",1085,23.5049436425311,4.74025316428478,2.41460409831062
"48121021611",1184,10.6691254180628,4.79637140888617,0.535985467821686
"48121021724",1499,13.1065293193055,5.40231639635348,0.954911796881593
"48439113711",1288,12.5544668297006,5.38928657766628,0.619714083377111
"48085030405",1359,13.2406507460886,4.48722223185141,1.28808601499121
"48085031508",1604,14.7246495119907,4.05363696783453,1.61479434401886
"48085031637",2181,11.6754162801227,4.33023989708794,1.18984346699035
"48085031641",1897,12.7574598791207,4.22670639220652,1.29162613443014
"48085031663",1196,11.3768371992979,4.46747702151521,1.13266842085997
"48113002400",404,12.1793855094583,2.47172753616349,0.887452456072978
"48113004900",302,12.0048957853922,2.00174257118664,0.975317653719615
"48113005600",428,12.8234292780927,1.9508391570667,1.00220218165464
"48113011105",318,16.1002122165692,1.88629837889178,1.37720387921572
"48113013004",1978,9.35884077800199,3.04120059293426,0.794289449538778
"48113013105",977,8.60719715215039,3.31310974610079,0.44322439141425
"48113014133",1088,9.78865997377518,6.23485538338417,0.339293012256558
"48113015305",655,10.84770813876,0.808650799804733,0.590300204275686
"48113016605",478,15.4290327907299,1.80106516392855,1.41931909496292
"48113017702",1384,15.3405194455472,2.76650567300918,1.61017169828751
"48113019004",939,10.7725926020433,3.25520161749473,0.712795372419173
"48113019035",536,11.1399018056263,3.28758389081731,0.832064170375392
"48113019210",1190,10.3463455773356,3.87381394290666,0.854089309085548
"48121021512",1392,17.0104348088345,5.37904731455477,1.57897055480688
"48121021524",607,13.8792998909115,4.72512657238667,1.19956857865261
"48147950600",207,25.8080413288204,3.70378164167163,2.46366043847594
"48181000400",225,11.3430626224355,4.55548311490389,1.87736052049674
"48367140409",453,25.7536449870706,5.9869725288439,2.42776164194571
"48439100501",881,19.1707463600484,6.20533946688474,1.67568791245983
"48439104300",1012,11.1348816394011,0.485799315029794,1.36223745359127
"48439105406",1474,11.3977383127584,0.370817436653088,1.52750824947463
"48439110301",439,16.4102065263982,0.192910855649595,1.29734328215958
"48439113511",991,11.6840696946819,0.185282052773413,0.576634874328004
"48439113519",1797,10.6953613624822,5.30077124586931,0.332254396870533
"48439113623",1125,11.0173081597048,5.7436382429271,0.522771432981072
"48439113626",1103,11.6982763864022,5.97945302306825,0.579408804774203
"48439113633",1178,11.0739670774615,5.52874966622645,0.479468283270061
"48439113811",712,12.6910484510026,6.12152399398703,0.824966705895379
"48439114104",2245,20.6862434996489,5.87079111180306,2.32231014227812
"48439122600",837,12.0225039484631,0.868831269639143,0.948241328201092
"48497150401",630,18.5782408816428,5.52852799878046,3.26590450191125
"48085030408",1550,14.6876113460574,4.69287193030179,1.27631902419856
"48085031409",3187,13.4033164646555,3.87638026480714,1.40079279094323
"48085031633",1144,11.6985103873209,4.11949226815881,1.05634349723799
"48085031718",710,9.89948234296419,4.38874167548426,0.708983768673565
"48085031807",1182,10.6070303172591,4.08937253531204,0.828665142510308
"48113000406",1422,6.32588765308316,1.31028439811194,0.335477128489749
"48113000500",1953,7.49396117473714,1.76329199108619,0.630672799643299
"48113000606",1055,8.07303963373957,2.20904538898998,0.646692838667446
"48113001101",1283,8.61074314459659,2.48486157284089,0.686506186052541
"48113004700",261,11.0541541654888,1.87505488378083,0.802596331573675
"48113006402",448,10.6177298001634,1.65279477890629,0.715236409695691
"48113007812",1027,8.66176280452161,2.90152361156322,0.543555770482599
"48113007815",313,12.2787767724676,3.02206722867883,0.719488145179294
"48113008801",295,12.5357165950548,1.97699367628695,1.11019315417346
"48113011500",197,13.9921654798577,2.27038755032374,1.25621631061059
"48113011701",411,16.822762901477,2.37161976190796,1.52133738150994
"48113013400",629,7.89556032984097,3.52546726702315,0.232841041779683
"48113013623",1191,8.43452664715261,4.34137493849984,0.345224641723923
"48113013624",1259,7.50811794003239,4.3708519476055,0.36789894188902
"48113014115",1223,10.3939480290607,0.279460517616899,0.343299628068699
"48113014119",1390,9.96910688684899,5.76253704998757,0.619442928679888
"48113014124",1519,9.16392635361935,5.67637728428971,0.535973222065416
"48113016410",1050,14.4916917182136,1.30853088382248,1.0493317231224
"48113017806",617,13.5296187636028,2.72791068283635,1.05987507296809
"48113018142",692,15.5070459978961,2.91851641304722,1.43684030347545
"48113018403",140,13.185330753038,2.91964405864259,0.91779230207677
"48113018503",497,11.1348079522561,3.23281978484618,0.871802493508889
"48113019020",1060,10.1943643776864,3.34304172563476,0.814686709643312
"48113019302",773,9.01661973013506,2.54130423182495,0.577368194749513
"48121020602",1603,15.9857647019802,5.08936095390518,1.92178702425767
"48121021305",872,15.6760954599843,5.34010465411137,1.78913987186923
"48121021615",1037,10.2354575580374,4.71271963573909,0.477771156314379
"48121021628",2006,11.3673728160207,4.64825521497139,0.719355900648971
"48121021638",834,10.8546150055788,4.57229756222511,0.599719051608538
"48121021722",1228,13.5800194031864,5.42086994344419,1.03192795331047
"48121021728",636,11.5367692641979,5.5335444816639,0.621902200042463
"48121021733",750,11.986343109563,5.39731925478211,0.655050165233116
"48181000101",587,18.2499666825382,3.90013650926232,2.37565165847945
"48251130205",701,16.472423831865,1.00870782548896,1.74231374567969
"48251130700",591,20.0184517765889,1.09651256246598,2.60000317217326
"48439100202",430,16.4772590420874,0.0499784561325903,1.34878486650303
"48439105508",1319,14.6957459975296,0.592252542292598,1.78839108649287
"48439106400",275,13.1239351054053,0.894121459922553,0.887249569659911
"48439110402",505,18.9089373905133,0.039810050717209,1.93749535246658
"48439110907",884,13.79154236913,0.46037458021072,1.79142539445076
"48439111309",805,17.4150708176529,1.50310720510609,1.610231826448
"48439111549",2428,15.6227453456385,1.61808056636817,1.41259481787733
"48439113301",805,13.107050541624,0.0856607412703328,0.859634179090973
"48439113407",806,14.4607452887118,0.326011260463939,0.878668348008766
"48439113408",1039,13.1346387543937,0.188777868210717,0.810961194908718
"48439113510",930,10.345372246973,6.04277012772752,0.202543004745009
"48439113912",1895,14.8418495974509,5.51115960726404,0.934836988836926
"48439122300",319,16.2854503027397,0.960900038278398,1.11581834527012
"48439123500",168,14.3686572093049,0.470908733446228,1.27941142142679
"48113013725",787,8.26498642785118,4.48776112598308,0.379785446577837
"48113013726",833,8.45949365706104,5.17382570369734,0.304060755733751
"48121020401",1957,18.8392774562745,5.21099643895332,2.34455698738823
"48121021202",564,18.3091615403363,5.19940995251015,2.00470828448643
"48121021505",1658,14.1460331124523,5.16482669664905,1.05117372309773
"48085030406",710,14.3962618051826,4.58588656987305,1.23809996927863
"48085030518",1022,15.6768312961722,4.56407198500272,1.50810343413045
"48085031613",1662,10.7648803478008,4.01555601850084,0.981677166172747
"48085031628",970,12.1790617445141,4.05945563853776,1.10173283850289
"48085031657",1003,8.80838895551322,4.61428836238231,0.874342520339959
"48085031660",1706,10.4233870124693,4.50421553331793,1.10244109736371
"48113004300",257,8.98470589728189,1.63281581941672,0.536865779681953
"48113006100",453,12.2384619469321,1.76785163016514,1.06289456845008
"48113007804",1024,9.24128755098922,3.47382823875699,0.518321283059972
"48113007912",720,7.46171758944678,3.15267632002093,0.391995111512583
"48113008705",158,12.3171237464286,2.0040585047349,1.16088569899161
"48113010903",346,13.8934181825252,1.73934724563147,1.00064482713893
"48113011300",673,14.4208733716566,1.98046186205134,1.31569179350978
"48113013009",948,10.3350576306258,3.12712985689987,0.840008049633786
"48113016411",1888,16.5892722189493,1.55745827751371,1.46121618218138
"48113019027",986,11.5307106629486,3.41406947411717,1.07453045626831
"48113019400",1015,7.43710083730237,2.2265667175322,0.406919388290394
"48121021407",1628,16.6192945825925,5.30030162856111,1.70114475513253
"48121021520",928,13.6515818671584,4.74762554885529,1.03145317001115
"48121021717",1447,13.5191343117864,5.36003439510825,0.995306425878726
"48439105006",129,12.8954813884283,6.05266799749859,1.06303133335382
"48439106514",1025,13.0157413606211,0.731522386159457,0.716832579600724
"48439110101",1084,14.1100795123835,6.09543355061115,1.08636644796108
"48439110806",1450,15.2763116798782,0.110989368453357,2.09885464886463
"48439111514",1362,14.7557293311564,1.41464374215893,1.10814029598148
"48439113217",943,12.8069312140185,6.04258361690951,0.871784736562046
"48439113916",869,14.7949223583166,5.8399515855092,0.99770794708606
"48439113929",2447,16.0138824792513,5.72040404377743,1.32462846301668
"48439123100",301,15.8274050582653,0.438517676548025,1.49605971755602
"48439104702",240,13.8920012387676,0.762900061001355,1.31519713546351
"48439106102",240,14.8016019607006,1.05592401312345,1.1066382272862
"48439113102",1128,12.0256089324003,0.206896511872678,0.745528574988833
"48085030403",1481,15.0054616175037,4.64228793573968,1.43956698957513
"48113014302",1086,9.5193591077127,0.460049070592738,0.288492890252416
"48113018505",277,12.0233510124246,3.27111571338366,0.946891811881868
"48181000502",100,16.2376714251778,4.25670635016087,2.45236054293723
"48497150102",1244,21.6344827869214,5.52234584919171,2.69390256325106
"48113009609",954,8.33911772108513,3.18405030512504,0.199162126092197
"48321730302",505,15.6929666049383,0.92853336863971,1.12188808044102
"48113007202",241,11.1524194644924,2.28117205364859,0.296675719187759
"48113013011",316,11.5976858689956,3.07093579702257,0.934574182193474
"48321730301",457,15.9876855317717,1.42385046533987,0.996581047148714
"48439104701",350,13.8913805119675,0.596246663805251,1.29938635824513
"48439105600",848,11.7592085663127,0.662758573670181,1.40385445525926
"48439113619",839,13.2754164402875,0.240409075040603,0.656734829799251
"48113001102",953,8.54042573582069,2.51944973474807,0.748406576311321
"48113019100",1224,9.40637664741451,3.51085015518149,0.73032137111477
"48113019600",601,8.1230903850018,2.11484149772704,0.607024865154838
"48121021518",1068,13.2467646434014,4.79769272883437,1.07951872167581
"48121021737",1371,11.6731892869606,5.55234069017571,0.492336810356163
"48085030523",3039,16.6871207044944,4.42164074163797,1.77182908438606
"48085030526",2671,17.6440646731137,4.37737834080727,1.77002762889806
"48113016618",946,16.1962615425762,1.69700713093884,1.52263839099034
"48439113906",1662,14.6317022104951,5.51647826958347,1.05157043262244
"48497150500",733,15.5233628294968,5.60783581731564,2.72869976325651
"48439104202",736,11.8650208505179,0.603245827311362,1.46936293878986
"48439105001",564,16.9155795572257,6.20301982784914,1.45655509699482
"48439110102",601,14.8301921830294,0.177957196054986,0.957545146798477
"48439113002",888,13.2977377182572,1.15944907698767,0.70719442905634
"48439113104",821,10.7946632333312,0.294910659018528,0.273705139822036
"48439113404",1071,13.2154303404569,0.119518147742713,0.850053536553438
"48439113917",1510,14.1023042573417,5.73709933795058,0.949401581270058
"48439113924",1094,14.7277733876063,5.67722144823193,1.06975531143913
"48113001504",415,10.2293663937588,2.26160785063118,0.838357398600537
"48113017102",434,18.6994198182926,2.27151795491129,1.82157148728231
"48321730202",184,19.6048091083439,1.18405390028875,1.59639573107164
"48439101500",609,16.474820955753,0.413850996467431,1.43792273211511
"48439104400",770,10.3270792806724,0.751646035081404,1.11577731859934
"48439106502",536,13.8352838308552,0.563527766358442,1.06452441566423
"48439113115",573,11.4105066317213,0.775948997135207,0.438154165337096
"48439121605",571,12.4213140653244,0.893670999002984,0.669989710745979
"48439106001",1056,14.9888998120023,0.914083968643064,1.55216898772271
"48113001301",888,8.90039507032091,2.46051201427932,0.865318798605203
"48113013715",418,9.99317683519981,5.16630573009746,0.3629208461955
"48113015202",430,10.5564230073034,0.838989084224854,0.40750866921543
"48113015800",218,12.6627236547486,1.79663479280605,0.54658395875431
"48113016201",621,12.6454635416658,1.34289779943924,0.729320396747514
"48113019208",587,10.8990382392618,3.42334015484438,0.630596711796333
"48121021745",917,13.1569078474622,5.21859700079143,0.755552656082962
"48439110401",859,17.0484861591041,6.19250025235959,1.71982627427286
"48113013611",815,8.44655416501392,4.63507200319949,0.475957319167563
"48439113520",1633,10.2331930859388,5.13933511371217,0.22888023621836
"48321730100",239,21.0369303509614,0.439238575753522,1.18922451137851
"48085031649",1331,9.16272822092643,4.60041743439466,0.682368290381806
"48113002200",819,8.02807125888176,2.17539690142483,0.826500495955921
"48113006401",284,10.5868028199038,1.57720627541144,0.651654039844341
"48321730303",96,18.8088606057891,1.44428767841303,1.60483297363158
"48439101201",377,14.6304098363729,0.33762876190512,1.07805085226143
"48439104601",233,13.1853962150179,0.701494476434676,0.969368044870272
"48085031719",565,10.1199840512388,4.21219075456044,0.58475058141607
"48113008703",210,12.2611416663824,2.05820246697059,1.04162656567391
"48113014127",2673,8.79652530018933,5.4982607787306,0.455272052663398
"48113016517",576,14.5738908753319,1.57241691459713,1.23291978755729
"48113019900",379,10.632667130607,1.52117769825187,0.767687324012679
"48121020106",2092,20.7880176992864,4.89486681994586,1.97472205126614
"48121021746",1147,16.6449347517807,5.51914771616539,1.37355027242656
"48439111407",942,15.0445423622324,1.20128024710927,1.3547924721604
"48113014403",632,10.9284313091582,0.431142702728072,0.566424141069969
"48121020310",446,22.6038101401037,5.55066095738716,2.1192829821343
"48085031611",968,12.2588299189984,3.95674681954873,1.11090225294096
"48113013616",2592,7.39007208237783,4.69908609027171,0.271413047654439
"48439105403",1552,10.167204523187,0.378770433978293,1.32930345869033
"48439111310",2368,16.0476516761494,1.5297285480967,1.30814190356539
"48439113111",546,11.687049895863,0.335861843389487,0.415191382180975
"48085032003",881,12.3926624382778,3.81467238324722,1.150737527236
"48113001202",1094,9.56904445374419,2.58054086766651,0.905791392704927
"48113001703",1795,7.26803828298223,2.00582624180179,0.735955130476216
"48113007801",633,8.00736882321047,3.04344457815829,0.479556055252729
"48113014128",1235,9.00637660851075,5.57050523947013,0.412939222969538
"48121021735",928,11.9661784786337,5.36189668190468,0.649685954911903
"48439110809",623,14.2967512481012,0.459498807478021,1.73366219944516
"48113001900",2440,6.96750615982152,1.71998285319288,0.692727354950049
"48113010801",956,12.5388080546407,1.49358212599328,0.82858928311916
"48113013605",1617,9.3366158337158,4.11885573088012,0.699068657012809
"48113013622",785,8.69669805765588,4.01300286346193,0.401811883454859
"48113013804",693,8.88747567502388,5.19471185856131,0.243309668549692
"48113014206",1972,7.96426777878361,0.918398568835778,0.0778450628524323
"48113014405",424,10.6615854332436,0.647247121313489,0.357965935698284
"48113015900",416,13.1344308130645,1.65216116021871,0.640574850236283
"48113018205",532,14.2797922363554,3.10109338310117,1.24631899561314
"48439102201",742,13.2563760169877,0.13902519944304,1.58830288685413
"48439113114",1004,10.7906051519872,6.27447963412888,0.307207479970804
"48439113216",1082,13.2427746372621,5.89652012725929,0.763340431930105
"48113001203",363,9.47976738552958,2.42869929138935,0.801494893570076
"48113005300",745,10.4640628110122,1.66340682843841,0.734820237137053
"48113007605",530,8.30684533560114,4.00655770432536,0.244561792348239
"48113012604",516,13.7892858673559,2.99313666664252,1.24968902096129
"48113013609",673,9.64359284500408,3.82289728905318,0.661330826897716
"48113014501",625,10.0357298289347,0.384740017343172,0.340646963830331
"48113016100",446,14.5028817879629,1.31132310514401,0.812881146253238
"48113019016",400,10.7962430003241,3.11442812089378,0.697969607471895
"48113020700",1443,8.94786190798947,5.06399831437252,0.270480236364839
"48439104201",819,12.9261737481191,0.449124383976224,1.72136660497144
"48439106101",134,12.9527616984714,1.0391972110823,0.861187003248381
"48439111533",1196,15.1628276140067,1.09784584146816,1.20635489943527
"48439113624",1233,11.0202408610128,5.74999132880787,0.447083905898276
"48439113634",1428,11.7628179703819,5.56710381016448,0.651237811191204
"48439113920",1256,13.9997136631213,5.75756758485903,1.02047175681974
"48439114205",607,22.1029504132683,6.06013916773552,2.3876548023227
"48113013716",1079,9.21041451569598,5.3849184981918,0.422649369773756
"48113015303",245,11.4429907819669,0.65985989851237,0.468577563786535
"48439103601",184,19.7193136016202,0.68622957098392,1.35904012205386
"48439100400",585,17.4287164768362,0.056401922396987,1.51037822560474
"48113002500",468,13.029065908745,2.32755591098577,0.969183592752247
"48085031658",1674,8.67284928227957,4.64038310262709,0.894177639077982
"48113004500",738,9.68791603733799,1.50682169156592,0.669083587255408
"48113007827",396,9.85439394721385,3.17648193772866,0.675285100453157
"48439111003",608,12.976924123885,0.824972225270187,1.30181257927894
"48439111548",1909,16.000735318365,1.62829602149168,1.21400987570719
"48439123200",721,9.75354552110411,0.131048934857672,1.13482550937548
"48439113108",1245,11.7077482068105,0.18863764398332,0.663809865733443
"48439106518",972,8.66894302175132,4.95277713603217,0.0317807361658108
"48085031643",1111,11.6996880114703,4.19421731611654,1.14842269668649
"48085031720",493,11.5128407289103,4.04596431277988,0.685719667344917
"48085032004",1224,13.046411544253,3.70349312801758,1.19377861926291
"48085030407",1143,13.4572912564832,4.65010764176411,1.32775654354682
"48085031624",703,10.8457974972615,4.09451446270657,0.790954368745549
"48113010701",515,10.7576828286843,1.42151627490628,0.519466759474138
"48113019043",2356,12.2670471975861,3.50169008743668,1.15322330665392
"48121021618",742,13.1670822437952,5.24764361324039,0.834276261976765
"48121021742",1375,13.5583236484245,5.38468719888225,0.876619793049055
"48085030404",1870,13.7863307854185,4.5665267833357,1.37437539783598
"48085031004",902,21.2506460652508,3.65829829890774,2.36739626401509
"48085031639",2052,12.5729633339325,4.3591747893887,1.29720858825097
"48085031645",709,10.1802228043451,4.85337045398972,0.813848677561015
"48085031711",1182,9.61901817872745,4.59905937336052,0.673686909144469
"48113000202",1469,8.6732310445858,2.64746054505315,0.703728173239307
"48113001600",1343,7.14902460251403,2.08397335294227,0.666011113129823
"48113002702",133,14.497794700081,2.31106929413097,0.953285632668108
"48113005400",534,11.1132090504459,1.95946125952289,0.88488809742352
"48113005901",345,13.3683768852068,1.97526826247586,1.09865844574681
"48113006900",380,10.6279837511179,1.61783791724461,0.664657686226728
"48113007805",618,9.49892321586988,3.18335434645832,0.519370960252401
"48113007821",271,12.3361515179514,3.14240145035133,0.708759824134151
"48113007825",928,9.49664248230154,3.30748189154673,0.660836896997479
"48113008400",693,11.8738293395689,2.35185292770534,0.988021259515894
"48113009607",1002,8.64462565357116,6.03352868542911,0.0851515617028192
"48113010703",309,12.7920727048088,1.31259539822973,0.609870986949052
"48113010803",1101,11.6800455190771,1.67407292374998,0.870932811376588
"48113010805",618,11.9888313792894,1.5553272815562,0.793233332707636
"48113011401",272,17.1880849704471,2.12676178951257,1.42208668705761
"48113013008",884,9.44872432920442,3.16271049681483,0.804913803428632
"48113013608",733,8.53838663896162,3.90032663081577,0.395107596103232
"48113013722",1125,9.04611265010037,4.63191191346833,0.556168823642583
"48113014126",1805,10.3960320325073,5.86818362192364,0.658620165242967
"48113014132",734,9.12382979960183,5.34506402987786,0.504880547549003
"48113014602",471,10.5520665882748,1.37876779232871,0.316692686857455
"48113016406",641,14.1648945027489,1.41835578598069,0.952840032010962
"48113016413",1646,13.9761007348708,1.45629863047855,1.15444545184097
"48113016607",245,14.3124518813705,1.63877760438442,1.15304194773119
"48113016621",1111,18.679654258062,1.733080751013,1.74228903176406
"48113016626",804,18.5643192398977,1.362887200351,1.6847048935935
"48113018900",721,12.0118852697517,3.16245495007977,1.0133697415373
"48113019211",1281,9.35045921603769,3.74499322126739,0.846999260243708
"48113020400",1771,8.66444373445948,2.07432202916116,0.80004555777451
"48121021514",1337,15.200812499683,5.34588883495315,1.3471243738083
"48121021631",1714,11.312253804437,4.84355158891187,0.679900734402718
"48121021748",1369,14.7228724078725,5.55623408404563,1.0821162426956
"48439100602",384,22.9947168764917,0.0756967612528562,2.22466817216399
"48439103701",359,17.4526361347949,0.569087914056182,1.54381003912882
"48439104602",260,15.1918541138396,0.709980445334494,1.20445285238236
"48439105704",1085,16.2341071672913,0.830545522273599,1.67364416936142
"48439106513",501,13.3817915842648,0.643799273748486,0.815153730327215
"48439110903",516,10.2592576444926,0.554888220353806,1.19850416060274
"48439111102",805,17.0437846563344,0.9214231439653,1.56660562950028
"48439111103",468,17.5463445789606,0.91534976594113,1.41701705770953
"48439111541",869,14.7969706511965,1.31895220388812,1.14776453920735
"48439111545",703,12.5342600959219,0.874035242509432,0.958134951229199
"48439113206",901,14.298923193502,6.22983517945374,0.951671919875459
"48439113517",1108,10.4862731040892,5.55142236475093,0.256901122097087
"48439113618",1429,12.2361500644605,0.314271420430548,0.709069483108008
"48439114203",958,23.8338955578006,5.80089700713384,2.46320187341831
"48439122100",714,12.6724675750143,1.34408569227776,0.615750531466827
"48439122500",803,12.0580171993398,0.819526438678931,0.758387734984742
"48439122801",271,16.0992962792294,0.965904058871292,1.01217632860211
"48439123000",907,14.0312183811481,0.113143371083455,1.64168556666747
"48113014203",662,9.12768611594225,0.568324600208685,0.219482588811835
"48121021633",1569,10.9783599035961,4.73492032184574,0.680021474738089
"48113005000",330,11.3657357091293,2.0096655744567,0.878590942920376
"48113006700",539,11.515632351192,1.42225882297959,0.765202008110513
"48113007101",630,6.9767941046825,1.2298527751521,0.2630867496641
"48113013300",684,8.18137634711838,3.47813421723032,0.356443198099858
"48439104603",231,14.5314709622238,0.923015881062153,1.04630420102377
"48439104802",443,14.8990252108349,0.849461078542737,1.59647610474505
"48439113612",1308,12.6914074962918,6.08887465479791,0.80020076933176
"48121021635",1143,10.5143511495507,4.81652776537308,0.561001738024721
"48113013102",569,8.30962090796308,3.30906845394147,0.401870261212819
"48113013717",375,9.8773300578796,5.16275943793696,0.389547765953737
"48113020200",319,16.5686067389874,2.35289454971509,1.57077351520047
"48439106516",444,16.5819655914944,0.382764241771285,1.18454780369238
"48439113107",685,10.7213476920787,0.86268591785479,0.496147791791604
"48121021741",471,13.5384386938598,5.39292494799362,0.799741225692467
"48085030508",2145,12.9233461262813,4.40698953996415,1.34662052827229
"48085031806",503,7.97807171311079,3.97898871674538,0.661499781694255
"48113005500",269,12.3379569639412,2.03169031022934,1.02040711573284
"48113014134",1355,10.8706160295068,5.60158327761383,0.690937732226292
"48121021623",2210,11.5909160217622,4.9284847730919,0.727331554866009
"48439111018",547,17.352610629735,0.893315999230728,1.85954327673096
"48085031715",873,10.1970011513334,4.5381919617072,0.706533857333026
"48085031804",840,10.471265233254,4.07731297909162,0.735901030788182
"48113004800",186,12.0969733409051,1.97982171380755,0.904315448663099
"48113007909",864,7.84399066449955,2.78461450297894,0.47359164561595
"48113007914",766,8.17917255933873,2.46753498579186,0.51565586235063
"48113008603",77,14.1745947305203,2.14742837810319,1.04018140612951
"48113013500",718,8.18069550143498,3.75025769015056,0.265163973514101
"48113013718",429,9.68391877467367,5.02845082732963,0.360035026222417
"48113014103",448,9.66584262280246,5.90924855389576,0.444056574819735
"48113014601",379,9.17423270549442,0.857806124424314,0.238138058350616
"48113015205",417,10.5297096279677,1.18935001272447,0.488858686427794
"48113016802",854,19.0321178266517,1.89816825013838,1.91115182477621
"48113018128",769,14.5268594110752,2.92020933527638,1.30417039624325
"48113019800",1101,7.20027515281113,1.89508814751647,0.501578931889594
"48121020115",1223,16.632801017887,4.97643266403266,1.25887677113062
"48439102402",1031,12.2235317810862,0.292822780145173,1.59396069982702
"48439104502",229,13.5209194372836,0.677090701396687,1.2545856315505
"48439104605",410,11.9465654900293,0.790413054286624,1.09733567866999
"48439105503",1104,13.6811659807853,0.736398176880678,1.61021852052844
"48439105901",273,15.0277335250717,0.879691651198805,1.32700174768836
"48439106002",375,15.8559683227979,1.00556426194847,1.69490004767896
"48439106300",257,12.6184567730713,0.930854852652445,0.879977483940941
"48439113109",937,10.2604739761627,1.04952322339208,0.406276665880892
"48439113112",451,12.5678420436384,0.377394314034508,0.631833025255637
"48439113302",644,14.2936191030736,0.246189559638812,0.91257709713062
"48439123400",384,9.1264290185663,0.336074873463673,1.25189375459882
"48113013010",417,12.1184628120544,2.98859479835521,1.01322185861859
"48113016509",1039,14.7633226742139,1.49848529327952,1.24873401297264
"48113019205",1200,9.0907838122108,3.88998769907931,0.695984356267305
"48121021720",1127,14.1925229059674,5.46669985082658,1.02978687924674
"48121021731",1239,12.4917217290593,5.49453936111786,0.702759035942209
"48439102800",430,8.1924940450052,0.488451431880195,1.14280914311726
"48439111405",405,17.6240576096025,1.03151221541401,1.43917168108358
"48439111513",851,14.5210438141921,1.54776794326453,1.04141214979288
"48439113516",1039,10.924237253007,5.50137093732101,0.269611527766712
"48113013711",246,11.1532553928408,5.28404585907242,0.293952935173858
"48113017201",478,18.3794137017963,2.35078798997756,1.6523266194616
"48121020112",1035,15.9762464754775,4.77090005498853,1.63297631614007
"48085031635",1054,12.1547812083712,3.96575872176831,1.00793429747273
"48113005100",298,10.3314103927589,1.73656312664223,0.696307497662762
"48113014121",1692,9.13515025023871,5.60650890420126,0.375687228671656
"48113014307",1170,8.69867071277715,0.220828510150935,0.253379449974419
"48113014309",408,11.1977709440688,0.134728509670941,0.342270939521438
"48113016523",1241,17.9801983858021,1.51981486885194,1.61448107941452
"48121021732",625,13.0558108464063,5.38947758541676,0.687289366826221
"48085030511",1662,14.7445862440178,4.36343948106285,1.43057792436941
"48113004201",853,9.58130188875631,1.80750764527501,0.721345455286837
"48113010500",283,10.6402608363603,1.57318405194969,0.423918699309485
"48113012209",659,10.5334108254329,2.54611406466849,0.832669308038137
"48113013615",576,9.35957638569472,3.8032164348621,0.49183202470707
"48113014205",544,8.62069419701791,0.502629839583838,0.130502982035419
"48113016002",287,12.9458148764957,1.53497897970005,0.603051933285833
"48113016302",285,12.8577267783435,1.58046361498592,0.721728970625276
"48121021619",510,11.9377850550825,5.12301512778279,0.67444822851222
"48439121702",386,10.5806023274829,1.12879752348615,0.568611337443072
"48085030520",1619,16.550548613444,4.57740816581488,1.53482425639063
"48085030604",636,20.8398899493997,4.25329762969636,2.30801078345787
"48113001302",554,9.65900369289111,2.34100665819544,0.808899078562268
"48113007824",585,8.95168494205857,2.86690004528684,0.64699707723402
"48113007906",671,7.69870095043668,2.96834908477784,0.482212851679322
"48113009701",754,8.8746808569376,5.78838565143204,0.142891382190098
"48113018141",560,17.2788707018813,3.03551013460837,1.60185033393366
"48113019037",894,10.3744665661774,3.45828530076239,0.911395855479336
"48439106600",288,19.2530193456344,0.0103405202100698,1.84630669416177
"48113014703",190,10.4243846386673,1.41376775018403,0.294797924049126
"48439105007",1300,12.89490889918,5.76073548717313,0.930811736803945
"48113000701",2367,7.38092748807626,2.08938183618985,0.655362947500089
"48113009605",408,9.46850774718706,5.75268382314185,0.106981789748965
"48113013101",849,8.24439187582035,3.58631310481183,0.372150828051156
"48439101403",407,16.7891050893394,0.622787716364611,1.38720804187375
"48085031716",746,9.79535296311485,4.40840529060184,0.601685483765891
"48113010904",366,12.8448509372842,1.79806671293805,1.09097370384302
"48113016407",909,13.836671706468,1.43043641379079,0.909290814308131
"48121021730",1279,12.7818167742898,5.52157397676879,0.809307361806535
"48439101402",385,16.3022947685789,0.609559085323985,1.23624993775662
"48113000300",1670,8.09064739056484,2.45003663979356,0.664749523769473
"48113001503",409,11.8162806002993,2.44876020725997,0.763163305569937
"48113016522",728,17.2413895313442,1.46341117273191,1.46369883446568
"48113018133",970,14.9366555288651,3.15153865930897,1.52917589064966
"48113012208",108,14.5470634260146,2.56068075654793,0.940481786006356
"48085030506",1138,12.2772608720077,4.57595389687494,1.10547077343398
"48113011002",589,12.4117428440865,1.84653348258883,1.04051955795497
"48113013712",478,9.31982142376777,5.03541173902082,0.247469733586698
"48113017604",334,17.337806298695,2.48578491538774,1.58337157667337
"48121020506",419,18.138480508089,4.9509483099906,2.04655979286783
"48439106700",435,17.288970848251,6.02201267282256,1.79177606409228
"48113013618",731,9.57023276035739,4.1667772159149,0.670648906952358
"48085030201",865,22.1539539794915,4.02253899797637,2.50292883291957
"48113014138",1513,8.18626758785949,5.2560894520667,0.215966691368385
"48085030524",724,18.0617026818902,4.53760260010653,1.71546758383971
"48121020109",1651,17.4512555422045,4.64956451911714,1.74608823943074
"48085030505",1312,10.8371696120057,4.6348436220658,1.03869472902496
"48113011104",353,15.3105571098626,1.81047571505859,1.31047432368265
"48121020700",385,18.8273501735662,5.25633210056888,2.18083574135337
"48439122400",595,14.2908140911042,0.859432670649691,0.961197625140371
"48113020100",361,8.99437590951953,2.107217130737,0.367809740540972
"48113020600",632,7.75457180023015,1.75650727779681,0.232630970551421
"48113013805",945,7.18873769708366,5.89388613169092,0.148059732235399
"48439122200",227,12.9908700410471,0.734452972646463,0.741959363609953
"48121021727",1553,12.8372923137676,5.61047487627716,0.858285279101861
"48113000702",1250,7.24091452711374,2.32008002164952,0.611480190345405
"48113007822",402,6.72840807536247,3.00088064679902,0.351667673088477
"48113014306",836,10.9705394673669,0.388534201791194,0.391329596700353
"48113015500",464,12.689674006234,1.40838880130414,0.557118125210723
"48113016409",917,12.7789258812563,1.56539191634566,0.95336933798295
"48085031626",704,9.99516571347586,4.07402975261576,0.81180034420691
"48113001002",672,8.18061634276658,2.3875262774034,0.691509639525545
"48113018204",357,14.8568320206697,3.11237372095188,1.21142147653644
"48113019212",106,16.1020560314231,3.40231358239093,0.779402801340065
"48439113710",1071,12.4107105899839,5.26492320846832,0.788335248595611
"48113008604",139,14.6751121179619,2.08264033336918,1.13722858371268
"48113019042",1264,11.5001605092356,3.57208122050213,1.03388142577037
"48113019034",597,11.0038080022487,3.33115787821303,0.770575435726702
"48113009303",264,14.6824236652874,2.08983852694168,1.2353677177926
"48121021522",870,12.987965733688,4.89169017000628,1.03369802291392
"48439106509",1038,13.0101476833843,0.457317708983976,0.624133169844385
"48113018506",289,10.9336005293827,3.14336014309557,0.956538380462476
"48085030519",904,17.2468062377573,4.6822298314598,1.69449854113135
"48085031003",1270,21.4217947102862,3.90589056997408,2.42385675227719
"48085030507",664,12.7433739339341,4.35820326201408,1.21539248338655
"48113009702",995,8.22490109180439,0.0511714082814132,0.0217188362404153
"48113010704",579,11.5361425695909,1.4241027895223,0.658642504464469
"48113018127",444,12.4947328620624,2.86809104609768,1.07519136081014
"48113019202",958,9.21321446010485,3.40433922684813,0.664018492396879
"48113004202",510,9.67789232516657,1.58258555749551,0.654325123877249
"48113018600",634,10.9584416472935,3.20667861326986,0.908187612749595
"48113018802",197,9.03969341876183,3.22156120454772,0.893019270305103
"48113008900",219,12.6407372096504,2.13396438061201,0.788655707502257
"48113007913",907,7.85279547883899,2.44895946638928,0.509390059231146
"48113007911",1346,7.48871696342509,3.01492960112578,0.379178645507157
"48113004600",521,8.42819272849932,1.74041449189808,0.704982612417549
"48113001001",640,8.44689562412106,2.3199877608255,0.700357522366474
"48113014603",211,10.6224638530575,1.15619027434886,0.281258211186552
"48113001701",248,5.88895260479775,1.76844955389471,0.490359133947564
"48113001704",801,7.38993645807615,2.03861439834835,0.736519532587983
"48085031623",705,10.5169574305598,3.9923011769093,0.979837881821944
"48113003400",150,10.413323451991,2.17688683491229,0.739527809112509
"48439102000",841,8.3879780285875,0.101276305499544,0.905779297517032
"48113007823",89,13.0380873129265,3.39745358226966,0.623377658398753
"48113004100",101,11.7398800193695,1.88188141420573,0.674683035964821
"48113014002",143,9.03814027440234,5.52977720807908,0.34757592044534
"48113013104",377,8.6648971580049,2.96755284264942,0.434212044811844
"48113980100",56,8.69025356090189,0.588924710788576,0.511855938243994
"48113980000",53,9.77010914925221,6.03971398555684,0.631244195250947
"48439980000",46,12.7190160156193,4.57457614015537,0.424750072811124
