"GEOID","NAME","variable","estimate","moe","pct100","pct149","pct150","universe","white","black","asian","hispuniverse","hisp","pctWht","pctBlk","pctAsn","pctHisp","pluWht","pluBlk","pluAsn","pluHisp","loginc","pctOwn","medAge","logHousVal","thouHousVal","medRent","logMedRent"
"36001000100","Census Tract 1, Albany County, New York","B01001_001",1934,269,11.8233618233618,5.98290598290598,82.1937321937322,1934,450,1232,12,1934,500,0.232678386763185,0.637021716649431,0.0062047569803516,0.258531540847983,0,1,0,0,9.85350918272989,29.7746144721234,79,11.5550266409889,104.3,859,6.75576892198425
"36001000200","Census Tract 2, Albany County, New York","B01001_001",4431,568,12.779397473275,3.93586005830904,83.2847424684159,4431,620,3504,36,4431,345,0.139923267885353,0.790792146242383,0.00812457684495599,0.0778605280974949,0,1,0,0,9.90877355696536,24.8413860419717,70,11.3873622419949,88.2,698,6.54821910276237
"36001000300","Census Tract 3, Albany County, New York","B01001_001",5277,708,17.035175879397,6.73366834170854,76.2311557788945,5277,2481,2008,175,5277,254,0.470153496304719,0.380519234413493,0.033162781883646,0.0481334091339776,1,0,0,0,9.87235801733921,36.8330464716007,70,11.9401520648599,153.3,970,6.87729607149743
"36001000401","Census Tract 4.01, Albany County, New York","B01001_001",2377,219,NA,NA,NA,2377,2174,97,72,2377,99,0.914598233066891,0.0408077408498107,0.0302902818679007,0.0416491375683635,1,0,0,0,10.3583775439718,62.4015748031496,32,11.9349198750296,152.5,1213,7.10085190894405
"36001000403","Census Tract 4.03, Albany County, New York","B01001_001",4819,378,10.0152905198777,2.10244648318043,87.8822629969419,4819,3346,751,463,4819,347,0.694334924258145,0.155841460884001,0.096078024486408,0.072006640381822,1,0,0,0,10.5970596428092,48.9973844812555,79,12.1822921168648,195.3,983,6.89060912014717
"36001000404","Census Tract 4.04, Albany County, New York","B01001_001",5045,493,NA,NA,NA,5045,3343,834,412,5045,673,0.662636273538157,0.165312190287413,0.0816650148662042,0.133399405351834,1,0,0,0,7.92479591395644,100,54,NA,NA,NA,NA
"36001000501","Census Tract 5.01, Albany County, New York","B01001_001",3667,516,14.409534127844,8.39653304442037,77.1939328277357,3667,2141,1042,239,3667,856,0.583856013089719,0.284155985819471,0.0651758931006272,0.233433324243251,1,0,0,0,9.9840532003757,24.7944339025933,58,11.8670972786908,142.5,818,6.70686233660275
"36001000502","Census Tract 5.02, Albany County, New York","B01001_001",3756,321,20.5392545598731,5.47184773988898,73.9888977002379,3756,2656,474,327,3756,290,0.707135250266241,0.126198083067093,0.0870607028753994,0.077209797657082,1,0,0,0,9.0617243476474,36.4495798319328,79,12.1051467269402,180.8,913,6.81673588059497
"36001000600","Census Tract 6, Albany County, New York","B01001_001",3810,483,27.6843467011643,10.7373868046572,61.5782664941785,3810,1331,1538,434,3810,581,0.349343832020997,0.403674540682415,0.113910761154856,0.15249343832021,0,1,0,0,9.70765513371423,11.1508220157255,79,11.5815182564358,107.1,911,6.81454289725996
"36001000700","Census Tract 7, Albany County, New York","B01001_001",3713,557,13.4380453752181,8.78417684700407,77.7777777777778,3713,542,2921,21,3713,545,0.145973606248317,0.786695394559655,0.00565580393213035,0.146781578238621,0,1,0,0,10.0907966508411,37.973811164714,79,11.4306302222434,92.1,878,6.77764659363512
"36001000800","Census Tract 8, Albany County, New York","B01001_001",2037,295,17.7257525083612,14.38127090301,67.8929765886288,2037,426,1453,0,2037,336,0.209131075110457,0.713303878252332,0,0.164948453608247,0,1,0,0,9.85639594500228,12.10407239819,79,NA,NA,733,6.59714570188665
"36001001100","Census Tract 11, Albany County, New York","B01001_001",1239,226,6.8,16.8,76.4,1239,635,439,98,1239,45,0.512510088781275,0.354317998385795,0.0790960451977401,0.036319612590799,1,0,0,0,9.5438080995771,8.27389443651926,79,11.8486831606536,139.9,498,6.21060007702465
"36001001400","Census Tract 14, Albany County, New York","B01001_001",3668,395,8.38852097130243,7.83664459161148,83.7748344370861,3668,2619,605,318,3668,255,0.714013086150491,0.164940021810251,0.0866957470010905,0.0695201744820065,1,0,0,0,10.5425216774421,9.84236831987697,79,12.5360955584715,278.2,872,6.77078942390898
"36001001500","Census Tract 15, Albany County, New York","B01001_001",5080,696,23.5864837738374,10.5720976915356,65.841418534627,5080,3702,555,365,5080,642,0.728740157480315,0.109251968503937,0.0718503937007874,0.126377952755906,1,0,0,0,9.90558535061827,8.10583788324234,79,12.0143066299082,165.1,850,6.74523634948436
"36001001600","Census Tract 16, Albany County, New York","B01001_001",4163,400,20.5908289241623,3.57142857142857,75.8377425044092,4163,3326,313,219,4163,290,0.798943069901513,0.0751861638241653,0.0526062935383137,0.0696613019457122,1,0,0,0,10.2856157952799,39.6171693735499,79,12.106252310248,181,876,6.77536609093639
"36001001700","Census Tract 17, Albany County, New York","B01001_001",4562,346,12.0403749098774,6.84931506849315,81.1103100216294,4562,3371,617,355,4562,307,0.73893029373082,0.135247698377904,0.0778167470407716,0.0672950460324419,1,0,0,0,10.3084191850381,47.1608832807571,79,12.2605608308142,211.2,1032,6.93925394604151
"36001001801","Census Tract 18.01, Albany County, New York","B01001_001",7046,441,3.48451327433628,3.04203539823009,93.4734513274336,7046,5704,626,569,7046,164,0.809537326142492,0.0888447346011922,0.080755038319614,0.0232756173715583,1,0,0,0,10.5102595173493,68.3343143025309,55,12.3379777164101,228.2,1034,6.94119005506837
"36001001802","Census Tract 18.02, Albany County, New York","B01001_001",3933,354,7.5591985428051,4.87249544626594,87.568306010929,3933,3013,439,269,3933,107,0.766081871345029,0.1116196287821,0.0683956267480295,0.0272056953979151,1,0,0,0,10.3680388447701,64.1767490794319,56,12.0861623488576,177.4,980,6.88755257166462
"36001001901","Census Tract 19.01, Albany County, New York","B01001_001",2497,187,6.88888888888889,1.48148148148148,91.6296296296296,2497,2030,130,140,2497,93,0.812975570684822,0.052062474969964,0.0560672807368843,0.0372446936323588,1,0,0,0,10.7129500254774,73.557278208441,79,12.0929039474245,178.6,1180,7.07326971745971
"36001001902","Census Tract 19.02, Albany County, New York","B01001_001",2723,290,1.91912268677176,2.33036326250857,95.7505140507197,2723,2337,283,27,2723,34,0.858244583180316,0.103929489533603,0.00991553433712817,0.0124862284245318,1,0,0,0,10.5863570986849,93.3217692974848,72,12.0884146020619,177.8,1361,7.21597500265147
"36001002000","Census Tract 20, Albany County, New York","B01001_001",6775,839,11.0526315789474,3.62229102167183,85.3250773993808,6775,3164,1910,821,6775,1112,0.467011070110701,0.281918819188192,0.121180811808118,0.164132841328413,1,0,0,0,10.0964192884421,41.6763678696158,79,11.7752897294377,130,918,6.82219739062049
"36001002100","Census Tract 21, Albany County, New York","B01001_001",3119,409,14.2031379025599,3.96366639141206,81.8331957060281,3119,1582,582,636,3119,348,0.507213850593139,0.186598268675858,0.203911510099391,0.111574222507214,1,0,0,0,10.1109894078604,13.9369277721261,79,11.6613454700885,116,878,6.77764659363512
"36001002200","Census Tract 22, Albany County, New York","B01001_001",2498,301,6.15696887686062,9.53991880920162,84.3031123139378,2498,1620,477,151,2498,270,0.648518815052042,0.190952762209768,0.0604483586869496,0.10808646917534,1,0,0,0,10.2503343581559,24.8797250859107,79,12.0581525154536,172.5,809,6.69579891705849
"36001002300","Census Tract 23, Albany County, New York","B01001_001",1946,372,21.7986314760508,8.50439882697947,69.6969696969697,1946,650,1048,21,1946,278,0.334018499486125,0.538540596094553,0.0107913669064748,0.142857142857143,0,1,0,0,9.92510226250854,21.2742980561555,79,11.7336661316681,124.7,770,6.64639051484773
"36001002500","Census Tract 25, Albany County, New York","B01001_001",3096,476,25.8236865538736,22.0837043633126,52.0926090828139,3096,336,2251,0,3096,509,0.108527131782946,0.727067183462532,0,0.164405684754522,0,1,0,0,9.3472286240383,15.4761904761905,79,11.4019939042629,89.5,674,6.51323011091231
"36001002600","Census Tract 26, Albany County, New York","B01001_001",5214,548,12.793373216751,14.0819144040497,73.1247123791993,5214,1153,3301,387,5214,441,0.221135404679708,0.633103183736095,0.0742232451093211,0.0845799769850403,0,1,0,0,9.91095956737483,34.7710330138445,79,11.3896272486257,88.4,801,6.68586094706836
"36001012700","Census Tract 127, Albany County, New York","B01001_001",2419,240,7.55370755370755,6.86070686070686,85.5855855855856,2419,2193,105,88,2419,68,0.906572964034725,0.0434063662670525,0.0363786688714345,0.0281107895824721,1,0,0,0,10.323841273138,32.0251177394035,79,11.8927308262978,146.2,990,6.89770494312864
"36001012800","Census Tract 128, Albany County, New York","B01001_001",3770,414,9.59367945823928,7.33634311512415,83.0699774266366,3770,3122,158,15,3770,365,0.828116710875332,0.0419098143236074,0.00397877984084881,0.096816976127321,1,0,0,0,9.9696497547898,31.8359375,79,11.5935833679877,108.4,793,6.67582322163485
"36001012900","Census Tract 129, Albany County, New York","B01001_001",3307,315,11.352133044107,5.06146059291395,83.586406362979,3307,2825,170,8,3307,96,0.854248563652858,0.0514061082552162,0.00241911097671606,0.0290293317205927,1,0,0,0,10.020069867616,17.0945522855354,79,11.6073261403917,109.9,712,6.56807791141198
"36001013000","Census Tract 130, Albany County, New York","B01001_001",6915,402,2.5027502750275,2.75027502750275,94.7469746974697,6915,6524,266,5,6915,170,0.943456254519161,0.0384671005061461,0.000723065798987708,0.0245842371655821,1,0,0,0,10.3404513277037,68.4566145092461,54,11.9872945517256,160.7,921,6.82546003625531
"36001013100","Census Tract 131, Albany County, New York","B01001_001",2613,16,5.68927789934355,4.30342815463166,90.0072939460248,2613,2407,0,116,2613,241,0.921163413700727,0,0.0443934175277459,0.0922311519326445,1,0,0,0,10.3310728617284,29.7224709042077,79,11.6801333839541,118.2,837,6.72982407048948
"36001013200","Census Tract 132, Albany County, New York","B01001_001",3146,331,13.8845553822153,4.52418096723869,81.591263650546,3146,2740,73,0,3146,151,0.870947234583598,0.0232040686586141,0,0.0479974570883662,1,0,0,0,10.0429885913137,31.7137229152988,79,11.6733421863761,117.4,783,6.6631326959908
"36001013300","Census Tract 133, Albany County, New York","B01001_001",4878,398,6.89052116124519,6.50577124868835,86.6037075900665,4878,3783,777,107,4878,233,0.775522755227552,0.159286592865929,0.0219352193521935,0.0477654776547765,1,0,0,0,10.3279706664801,39.4472361809045,79,11.9036152874962,147.8,894,6.79570577517351
"36001013400","Census Tract 134, Albany County, New York","B01001_001",2183,265,6.50542118432027,8.25688073394496,85.2376980817348,2183,1946,91,93,2183,105,0.891433806688044,0.0416857535501603,0.0426019239578562,0.0480989464040312,1,0,0,0,10.2610920642928,44.2786069651741,79,11.8486831606536,139.9,846,6.74051935960622
"36001013503","Census Tract 135.03, Albany County, New York","B01001_001",5014,301,5.66770186335404,6.01708074534162,88.3152173913043,5014,3900,252,672,5014,245,0.777822098125249,0.0502592740327084,0.134024730753889,0.0488631830873554,1,0,0,0,10.5129269840226,59.5959595959596,44,12.4672823976508,259.7,694,6.5424719605068
"36001013505","Census Tract 135.05, Albany County, New York","B01001_001",2655,288,0.619674670797831,7.43609604957397,91.9442292796282,2655,2321,108,201,2655,162,0.874199623352166,0.0406779661016949,0.0757062146892655,0.0610169491525424,1,0,0,0,10.3566628768004,81.941309255079,62,12.2704549044594,213.3,977,6.88448665204278
"36001013506","Census Tract 135.06, Albany County, New York","B01001_001",6701,558,5.33255200703194,2.84207442133021,91.8253735716379,6701,5222,173,862,6701,463,0.779286673630801,0.0258170422325026,0.128637516788539,0.0690941650499925,1,0,0,0,10.3985191040033,62.9435935748973,50,12.2940835228529,218.4,1006,6.91373735065968
"36001013507","Census Tract 135.07, Albany County, New York","B01001_001",2443,178,0.618716163959783,3.01624129930394,96.3650425367363,2443,1763,150,201,2443,147,0.721653704461727,0.0613999181334425,0.0822758902988129,0.0601719197707736,1,0,0,0,10.4688581781539,62.2039134912461,33,12.3540615232436,231.9,1183,7.07580886397839
"36001013508","Census Tract 135.08, Albany County, New York","B01001_001",6751,376,4.41137390380016,1.64762157852777,93.9410045176721,6751,5791,116,649,6751,257,0.857798844615613,0.0171826396089468,0.096133906087987,0.0380684343060287,1,0,0,0,10.5388731962375,83.4733893557423,51,12.4661265508645,259.4,1059,6.96508034560141
"36001013601","Census Tract 136.01, Albany County, New York","B01001_001",10036,450,3.62634840486573,4.36079871471196,92.0128528804223,10036,7918,685,1063,10036,602,0.788959744918294,0.0682542845755281,0.105918692706257,0.0599840573933838,1,0,0,0,10.1338450208685,57.995799579958,45,12.3787646533483,237.7,892,6.79346613258001
"36001013602","Census Tract 136.02, Albany County, New York","B01001_001",4246,114,4.24528301886792,6.60377358490566,89.1509433962264,4246,2579,584,709,4246,338,0.607395195478097,0.137541215261423,0.166980687706076,0.0796043334903438,1,0,0,0,10.4932444973835,32.4829931972789,52,12.2155278043009,201.9,1095,6.9985096422506
"36001013703","Census Tract 137.03, Albany County, New York","B01001_001",2657,247,NA,NA,NA,2657,1841,479,255,2657,93,0.692886714339481,0.18027850959729,0.0959729017689123,0.0350018818216033,1,0,0,0,10.0907551906118,86.3321799307958,44,12.4684369099977,260,1116,7.01750614294126
"36001013705","Census Tract 137.05, Albany County, New York","B01001_001",6282,452,1.99937519525148,1.65573258356764,96.3448922211809,6282,5881,204,175,6282,33,0.93616682585164,0.0324737344794651,0.0278573702642471,0.0052531041069723,1,0,0,0,10.489661807092,75,49,12.2867305485476,216.8,1363,7.21744343169653
"36001013706","Census Tract 137.06, Albany County, New York","B01001_001",2195,144,1.15495668912416,0.384985563041386,98.4600577478345,2195,1959,0,127,2195,64,0.89248291571754,0,0.0578587699316629,0.0291571753986333,1,0,0,0,10.7418167429406,93.1398416886544,62,12.7343451828999,339.2,1808,7.49997654095212
"36001013707","Census Tract 137.07, Albany County, New York","B01001_001",6061,351,1.12727272727273,4.65454545454545,94.2181818181818,6061,5023,482,324,6061,147,0.828741131826431,0.0795248308859924,0.0534565253258538,0.0242534235274707,1,0,0,0,10.6253436597325,83.3747927031509,52,12.4715091090346,260.8,1645,7.40549566319947
"36001013801","Census Tract 138.01, Albany County, New York","B01001_001",7542,413,0.349737696727454,2.84786410192356,96.802398201349,7542,6270,598,461,7542,348,0.831344470962609,0.079289313179528,0.0611243701935826,0.0461416070007955,1,0,0,0,10.5229881929278,75.1579647489192,48,12.1345766438251,186.2,929,6.83410873881384
"36001013802","Census Tract 138.02, Albany County, New York","B01001_001",4214,221,1.66520595968449,1.35845749342682,96.9763365468887,4214,3808,92,172,4214,9,0.903654485049834,0.0218319886093972,0.0408163265306122,0.00213573801613669,1,0,0,0,10.6792510492733,97.9310344827586,40,12.4344027235317,251.3,1444,7.27517231945277
"36001013901","Census Tract 139.01, Albany County, New York","B01001_001",2481,163,4.66812545587163,4.01167031363968,91.3202042304887,2481,2125,112,80,2481,122,0.856509471987102,0.045143087464732,0.0322450624748085,0.049173720274083,1,0,0,0,10.3089526606443,87.0864461045891,58,12.1626430876028,191.5,909,6.81234509417748
"36001013902","Census Tract 139.02, Albany County, New York","B01001_001",5407,160,0.531161473087819,3.64730878186969,95.8215297450425,5407,4543,132,504,5407,148,0.840207138894026,0.0244127982245238,0.093212502311818,0.0273719252820418,1,0,0,0,10.5447886543725,71.816091954023,56,12.2209612580239,203,1213,7.10085190894405
"36001014001","Census Tract 140.01, Albany County, New York","B01001_001",4039,299,4.10639290713952,6.95286980867942,88.9407372841811,4039,2850,442,592,4039,115,0.70562020302055,0.109433027977222,0.146570933399356,0.0284723941569695,1,0,0,0,10.3410325541077,51.3556618819777,58,12.1123112657157,182.1,1032,6.93925394604151
"36001014002","Census Tract 140.02, Albany County, New York","B01001_001",4169,381,7.32226479352916,2.51170710940826,90.1660280970626,4169,3661,184,95,4169,312,0.878148236987287,0.0441352842408251,0.0227872391460782,0.0748380906692252,1,0,0,0,10.3773898221975,65.9694742792538,63,12.0639328783691,173.5,878,6.77764659363512
"36001014100","Census Tract 141, Albany County, New York","B01001_001",5204,276,0.542635658914729,2.36434108527132,97.0930232558139,5204,4539,76,528,5204,152,0.872213681783244,0.0146041506533436,0.101460415065334,0.0292083013066872,1,0,0,0,10.8665091868979,74.9887539361224,40,12.5146596786619,272.3,1073,6.9782137426307
"36001014201","Census Tract 142.01, Albany County, New York","B01001_001",5873,438,7.36134453781513,3.09243697478992,89.546218487395,5873,5121,202,262,5873,227,0.871956410693002,0.0343946875532096,0.0446109313808956,0.0386514558147454,1,0,0,0,10.646495752267,70.1262272089762,47,12.5208833853702,274,1085,6.98933526597456
"36001014202","Census Tract 142.02, Albany County, New York","B01001_001",5883,345,1.68381665107577,0.530090427190521,97.7860929217337,5883,5612,70,74,5883,110,0.953935067142614,0.0118986911439742,0.0125786163522013,0.0186979432262451,1,0,0,0,10.8579792470254,68.2917002417405,52,12.5310505027257,276.8,981,6.88857245956536
"36001014203","Census Tract 142.03, Albany County, New York","B01001_001",6317,327,0.847970926711084,2.08964264082374,97.0623864324652,6317,5801,232,102,6317,62,0.918315656165901,0.036726294126959,0.0161469051765078,0.00981478549944594,1,0,0,0,10.8571318709516,82.1109817617385,59,12.5602444592508,285,1296,7.16703787691222
"36001014301","Census Tract 143.01, Albany County, New York","B01001_001",2880,266,5.8659217877095,4.25977653631285,89.8743016759776,2880,2755,87,0,2880,20,0.956597222222222,0.0302083333333333,0,0.00694444444444444,1,0,0,0,10.3963528509251,70.0088731144632,56,12.1858699382127,196,832,6.72383244082121
"36001014302","Census Tract 143.02, Albany County, New York","B01001_001",8552,421,1.72651933701657,1.72651933701657,96.5469613259668,8552,7970,64,399,8552,77,0.931945743685688,0.00748362956033676,0.0466557530402245,0.00900374181478017,1,0,0,0,10.7284959818064,88.1412391738841,32,12.4946293353926,266.9,1407,7.24921505711439
"36001014401","Census Tract 144.01, Albany County, New York","B01001_001",4143,45,3.6680421824851,1.46721687299404,94.8647409445209,4143,4105,3,8,4143,9,0.990827902486121,0.000724112961622013,0.0019309678976587,0.00217233888486604,1,0,0,0,10.3745843340731,78.5242951409718,64,12.0633563433286,173.4,726,6.5875500148248
"36001014402","Census Tract 144.02, Albany County, New York","B01001_001",3275,35,10.3954081632653,3.95408163265306,85.6505102040816,3275,2908,299,15,3275,109,0.88793893129771,0.0912977099236641,0.00458015267175573,0.0332824427480916,1,0,0,0,10.3288859983517,55.8255897069335,62,11.979799201207,159.5,889,6.7900972355139
"36001014501","Census Tract 145.01, Albany County, New York","B01001_001",2518,141,2.44835501147666,4.13159908186687,93.4200459066565,2518,2464,0,38,2518,0,0.978554408260524,0,0.0150913423351867,0,1,0,0,0,10.6301662163049,81.8756585879874,52,12.6801305451039,321.3,930,6.8351845861473
"36001014502","Census Tract 145.02, Albany County, New York","B01001_001",3418,141,1.30533484676504,1.02156640181612,97.6730987514188,3418,3287,0,18,3418,140,0.961673493270919,0,0.00526623756582797,0.0409596255119953,1,0,0,0,10.5327893050473,92.5384615384615,53,12.3863086958331,239.5,1011,6.91869521902047
"36001014503","Census Tract 145.03, Albany County, New York","B01001_001",2822,17,1.19940029985008,2.62368815592204,96.1769115442279,2822,2707,15,74,2822,115,0.959248759744862,0.00531537916371368,0.0262225372076541,0.0407512402551382,1,0,0,0,10.6909899115772,81.998199819982,52,12.3553543482459,232.2,933,6.83840520084734
"36001014606","Census Tract 146.06, Albany County, New York","B01001_001",3648,239,2.07991242474001,1.64203612479475,96.2780514504652,3648,3294,97,195,3648,66,0.902960526315789,0.0265899122807018,0.0534539473684211,0.0180921052631579,1,0,0,0,10.7150620056318,89.4472361809045,45,12.4348005751383,251.4,965,6.87212810133899
"36001014607","Census Tract 146.07, Albany County, New York","B01001_001",7621,356,1.94926568758344,2.67022696929239,95.3805073431242,7621,7018,116,435,7621,231,0.920876525390369,0.0152210995932292,0.0570791234746096,0.0303109828106548,1,0,0,0,10.8214768410459,78.3046443650536,37,12.5106118350484,271.2,1066,6.97166860472579
"36001014608","Census Tract 146.08, Albany County, New York","B01001_001",4083,316,1.86150409530901,3.05286671630678,95.0856291883842,4083,3366,332,200,4083,250,0.824393828067597,0.0813127602253245,0.0489835904971834,0.0612294881214793,1,0,0,0,9.82281964946867,73.1255265374895,63,12.25343321689,209.7,976,6.88346258641309
"36001014609","Census Tract 146.09, Albany County, New York","B01001_001",4738,283,6.73009161381254,5.03875968992248,88.231148696265,4738,3698,380,454,4738,156,0.780498100464331,0.0802026171380329,0.0958210215280709,0.0329252849303504,1,0,0,0,10.6488713324316,54.9367088607595,42,12.2080706481928,200.4,1153,7.05012252026906
"36001014611","Census Tract 146.11, Albany County, New York","B01001_001",1996,151,0.736842105263158,1.68421052631579,97.5789473684211,1996,1724,53,110,1996,27,0.86372745490982,0.0265531062124248,0.0551102204408818,0.0135270541082164,1,0,0,0,10.8480741535651,72.8915662650602,32,12.6906569580909,324.7,1162,7.05789793741186
"36001014612","Census Tract 146.12, Albany County, New York","B01001_001",1735,153,1.95121951219512,2.19512195121951,95.8536585365854,1735,1605,18,56,1735,68,0.92507204610951,0.0103746397694524,0.0322766570605187,0.039193083573487,1,0,0,0,10.6572593549125,73.9766081871345,58,12.4008167223227,243,942,6.84800527457636
"36001014613","Census Tract 146.13, Albany County, New York","B01001_001",3406,260,2.45248313917842,4.78234212139792,92.7651747394237,3406,3293,55,0,3406,52,0.966823253082795,0.0161479741632413,0,0.0152671755725191,1,0,0,0,10.3812733222239,77.8253424657534,45,12.4711255999216,260.7,965,6.87212810133899
"36001014614","Census Tract 146.14, Albany County, New York","B01001_001",5578,340,NA,NA,NA,5578,4339,252,697,5578,146,0.77787737540337,0.045177482968806,0.124955181068483,0.0261742560057368,1,0,0,0,10.7601981169614,59.1402337228715,41,12.6906569580909,324.7,1196,7.08673793451058
"36001014615","Census Tract 146.15, Albany County, New York","B01001_001",2888,270,4.45182724252492,3.58803986710963,91.9601328903655,2888,1903,254,730,2888,151,0.65893351800554,0.0879501385041551,0.252770083102493,0.0522853185595568,1,0,0,0,10.5183758501275,19.4054500412882,39,12.9664110756304,427.8,1145,7.04315991598834
"36001014700","Census Tract 147, Albany County, New York","B01001_001",2754,157,2.20102714600147,3.00807043286867,94.7909024211299,2754,2721,13,0,2754,19,0.9880174291939,0.004720406681191,0,0.00689905591866376,1,0,0,0,10.5734428688194,85.6997971602434,45,12.3366622152338,227.9,971,6.87832646829133
"36001014801","Census Tract 148.01, Albany County, New York","B01001_001",2820,23,6.28019323671498,4.1407867494824,89.5790200138026,2820,2709,27,17,2820,57,0.96063829787234,0.00957446808510638,0.00602836879432624,0.0202127659574468,1,0,0,0,10.4543508633336,91.8825561312608,51,12.1345766438251,186.2,761,6.63463335786169
"36001014802","Census Tract 148.02, Albany County, New York","B01001_001",1808,162,4.55136540962289,3.25097529258778,92.1976592977893,1808,1754,13,5,1808,23,0.970132743362832,0.00719026548672566,0.00276548672566372,0.0127212389380531,1,0,0,0,10.353320361711,92.7097661623109,55,12.1123112657157,182.1,913,6.81673588059497
"36001014803","Census Tract 148.03, Albany County, New York","B01001_001",3382,15,2.27832512315271,1.35467980295567,96.3669950738916,3382,3271,9,71,3382,76,0.967179183914843,0.00266114725014784,0.0209934949733885,0.0224719101123595,1,0,0,0,10.5461306009223,93.4863064396743,41,12.1183337312222,183.2,NA,NA
"36057070200","Census Tract 702, Montgomery County, New York","B01001_001",2229,226,19.6078431372549,8.89894419306184,71.4932126696833,2229,1788,4,0,2229,786,0.802153432032301,0.00179452669358457,0,0.352624495289367,1,0,0,0,9.79188537595483,35.063752276867,79,11.5617156291397,105,438,6.08221891037645
"36057070300","Census Tract 703, Montgomery County, New York","B01001_001",2195,283,22.2732491389208,17.7956371986223,59.9311136624569,2195,1511,79,19,2195,785,0.688382687927107,0.0359908883826879,0.00865603644646925,0.357630979498861,1,0,0,0,9.67237483157224,43.125,79,11.1647854234813,70.6,785,6.66568371778241
"36057070400","Census Tract 704, Montgomery County, New York","B01001_001",1774,170,6.23501199040767,4.55635491606715,89.2086330935252,1774,1489,65,20,1774,365,0.83934611048478,0.0366403607666291,0.0112739571589628,0.205749718151071,1,0,0,0,10.1378084044405,55.3050397877984,79,11.4542364686215,94.3,814,6.70196036600254
"36057070500","Census Tract 705, Montgomery County, New York","B01001_001",2639,359,3.0461270670148,13.6640557006092,83.289817232376,2639,2151,4,0,2639,557,0.815081470253884,0.00151572565365669,0,0.211064797271694,1,0,0,0,10.2372776239374,67.3448626653103,79,11.4392789248019,92.9,934,6.83947643822884
"36057070600","Census Tract 706, Montgomery County, New York","B01001_001",2094,305,23.6749116607774,17.6678445229682,58.6572438162544,2094,1531,114,0,2094,613,0.731136580706781,0.0544412607449857,0,0.292741165234002,1,0,0,0,9.59512646887595,43.5990338164251,79,11.2997322445092,80.8,763,6.63725803128446
"36057070700","Census Tract 707, Montgomery County, New York","B01001_001",2821,290,12.7450980392157,0.816993464052288,86.437908496732,2821,2103,190,12,2821,683,0.745480326125487,0.0673520028358738,0.00425381070542361,0.242112725983694,1,0,0,0,10.1590982939878,65.489404641776,79,11.4563551134818,94.5,769,6.64509096950564
"36057070800","Census Tract 708, Montgomery County, New York","B01001_001",2534,308,19.5024875621891,3.18407960199005,77.3134328358209,2534,1772,235,16,2534,681,0.699289660615627,0.0927387529597474,0.00631412786108919,0.268745067087609,1,0,0,0,9.78964673611237,46.7784642541924,78,11.2463523557287,76.6,748,6.61740297797448
"36057070900","Census Tract 709, Montgomery County, New York","B01001_001",1777,288,27.8606965174129,7.29684908789386,64.8424543946932,1777,1085,111,33,1777,816,0.610579628587507,0.0624648283624086,0.0185706246482836,0.459200900393922,1,0,0,0,9.57324586566555,28.2571912013536,79,10.9150884642146,55,735,6.59987049921284
"36057072100","Census Tract 721, Montgomery County, New York","B01001_001",5990,21,4.69090909090909,2.50909090909091,92.8,5990,5894,34,2,5990,201,0.983973288814691,0.00567612687813022,0.000333889816360601,0.0335559265442404,1,0,0,0,10.3702672404634,82.4365872405842,64,11.762905670238,128.4,699,6.54965074223381
"36057072200","Census Tract 722, Montgomery County, New York","B01001_001",3783,25,2.72581507215393,7.32228754676643,89.9518973810796,3783,3487,13,51,3783,260,0.921755220724293,0.00343642611683849,0.0134813639968279,0.0687285223367698,1,0,0,0,10.1580910104686,81.3593539703903,52,11.7574390420206,127.7,688,6.53378883793334
"36057072300","Census Tract 723, Montgomery County, New York","B01001_001",3220,21,8.67229470452801,2.91634689178818,88.4113584036838,3220,3100,23,39,3220,47,0.962732919254658,0.00714285714285714,0.012111801242236,0.0145962732919255,1,0,0,0,10.1742396177651,72.9202037351443,43,11.4435753868354,93.3,525,6.26339826259162
"36057072400","Census Tract 724, Montgomery County, New York","B01001_001",2566,16,9.76361767728674,15.9301130524152,74.306269270298,2566,2495,17,0,2566,85,0.972330475448168,0.00662509742790335,0,0.0331254871395168,1,0,0,0,9.85854248649296,60.7068607068607,79,11.2797315778025,79.2,615,6.42162226780652
"36057072500","Census Tract 725, Montgomery County, New York","B01001_001",4197,29,8.50801479654747,9.74106041923551,81.750924784217,4197,4070,0,61,4197,26,0.969740290683822,0,0.014534191088873,0.00619490111984751,1,0,0,0,9.97208034400174,75.4883427851292,76,11.3193407158976,82.4,693,6.5410299991899
"36057072600","Census Tract 726, Montgomery County, New York","B01001_001",3642,20,7.36707238949391,7.6873798846893,84.9455477258168,3642,3483,54,19,3642,78,0.956342668863262,0.014827018121911,0.00521691378363537,0.0214168039538715,1,0,0,0,10.1458453227741,65.5786350148368,79,11.5531072546031,104.1,711,6.56667242980324
"36057072700","Census Tract 727, Montgomery County, New York","B01001_001",4240,152,7.2463768115942,6.60225442834138,86.1513687600644,4240,4049,65,41,4240,134,0.954952830188679,0.0153301886792453,0.00966981132075472,0.0316037735849057,1,0,0,0,10.2369911012464,83.728813559322,47,11.5796490970131,106.9,810,6.69703424766648
"36057072800","Census Tract 728, Montgomery County, New York","B01001_001",3966,153,5.10255127563782,5.45272636318159,89.4447223611806,3966,3818,30,57,3966,122,0.962682803832577,0.0075642965204236,0.0143721633888048,0.0307614725163893,1,0,0,0,10.24195779182,81.7865429234339,43,11.8493977015914,140,755,6.62671774924902
"36083040100","Census Tract 401, Rensselaer County, New York","B01001_001",4543,460,8.09414466130884,17.7956371986223,74.1102181400689,4543,3092,884,0,4543,558,0.680607528065155,0.194585075941008,0,0.122826326216157,1,0,0,0,10.1036080966928,46.8823529411765,76,11.5317472192108,101.9,714,6.57088296233958
"36083040200","Census Tract 402, Rensselaer County, New York","B01001_001",4627,526,7.55813953488372,7.08245243128964,85.3594080338266,4627,3502,1033,25,4627,449,0.756861897557813,0.223254808731359,0.00540306894315971,0.0970391182191485,1,0,0,0,10.1041400660148,37.621359223301,79,11.5415129218221,102.9,730,6.59304453414244
"36083040300","Census Tract 403, Rensselaer County, New York","B01001_001",2723,365,11.8188795088258,3.4535686876439,84.7275518035303,2723,2035,386,0,2723,234,0.747337495409475,0.141755416819684,0,0.0859346309217775,1,0,0,0,10.2168008213609,38.0584192439863,79,11.6919081204987,119.6,851,6.74641212857337
"36083040400","Census Tract 404, Rensselaer County, New York","B01001_001",2215,316,27.4436090225564,13.2832080200501,59.2731829573935,2215,1138,644,15,2215,536,0.513769751693002,0.290744920993228,0.00677200902934537,0.241986455981941,1,0,0,0,9.62284729487339,26.9182389937107,79,11.4489201349943,93.8,858,6.75460409948796
"36083040500","Census Tract 405, Rensselaer County, New York","B01001_001",2113,254,21.9399538106236,11.431870669746,66.6281755196305,2113,1166,780,0,2113,275,0.551822053951727,0.369143398012305,0,0.130146710837672,1,0,0,0,10.0522523258012,31.5394242803504,79,11.6877187553434,119.1,706,6.55961523749324
"36083040600","Census Tract 406, Rensselaer County, New York","B01001_001",2371,219,20.9563994374121,15.0492264416315,63.9943741209564,2371,1681,337,271,2371,109,0.708983551244201,0.142134120624209,0.114297764656263,0.0459721636440321,1,0,0,0,9.19471899107323,26.8545994065282,79,11.689396608086,119.3,804,6.68959926917897
"36083040700","Census Tract 407, Rensselaer County, New York","B01001_001",4885,481,21.84954480115,4.45615716339243,73.6942980354576,4885,3089,850,470,4885,544,0.632343909928352,0.174002047082907,0.0962128966223132,0.11136131013306,1,0,0,0,9.56317796268366,5.51454624402953,79,11.7897993387054,131.9,828,6.71901315438526
"36083040800","Census Tract 408, Rensselaer County, New York","B01001_001",1874,206,15.962441314554,9.48356807511737,74.5539906103286,1874,1379,237,80,1874,98,0.735859124866596,0.126467449306297,0.0426894343649947,0.0522945570971185,1,0,0,0,10.1686939282227,20.989010989011,79,12.2885738670419,217.2,877,6.77650699237218
"36083040900","Census Tract 409, Rensselaer County, New York","B01001_001",2737,331,10.0537221795856,12.5095932463546,77.4366845740599,2737,1984,473,8,2737,308,0.724881256850566,0.172816952868104,0.00292290829375228,0.112531969309463,1,0,0,0,10.1307824749728,29.7297297297297,79,11.825544022712,136.7,822,6.71174039505618
"36083041000","Census Tract 410, Rensselaer County, New York","B01001_001",4538,406,11.982330204307,8.44837106570955,79.5692987299834,4538,2914,1043,67,4538,523,0.642133098281181,0.229836932569414,0.0147642133098281,0.115249008373733,1,0,0,0,10.055865232957,36.9617224880383,79,11.6118654128251,110.4,942,6.84800527457636
"36083041100","Census Tract 411, Rensselaer County, New York","B01001_001",5313,342,5.59116809116809,9.79344729344729,84.6153846153846,5313,3988,570,87,5313,648,0.750611707133446,0.107284020327499,0.0163749294184077,0.121964991530209,1,0,0,0,10.2907547451092,54.3084401237296,50,11.9996632932071,162.7,875,6.77422388635761
"36083041200","Census Tract 412, Rensselaer County, New York","B01001_001",2818,285,3.37738619676946,0.513950073421439,96.1086637298091,2818,2487,70,43,2818,40,0.882540809084457,0.0248403122782115,0.0152590489709013,0.014194464158978,1,0,0,0,10.5100141888123,68.0369127516778,79,12.1318877473408,185.7,895,6.79682371827486
"36083041300","Census Tract 413, Rensselaer County, New York","B01001_001",5205,384,8.20842255531763,2.99785867237687,88.7937187723055,5205,4057,438,513,5205,172,0.779442843419789,0.084149855907781,0.0985590778097983,0.033045148895293,1,0,0,0,9.24975337433302,55.222602739726,76,11.9588925163877,156.2,1001,6.90875477931522
"36083041400","Census Tract 414, Rensselaer County, New York","B01001_001",3919,290,11.0506260206859,4.84485574305934,84.1045182362548,3919,3126,227,369,3919,163,0.797652462362848,0.0579229395253891,0.0941566726205665,0.041592242919112,1,0,0,0,10.3254819625955,42.223382045929,41,12.1436651854016,187.9,1020,6.92755790627832
"36083051500","Census Tract 515, Rensselaer County, New York","B01001_001",2525,338,15.8273381294964,7.46402877697842,76.7086330935252,2525,1787,332,96,2525,173,0.707722772277228,0.131485148514851,0.038019801980198,0.0685148514851485,1,0,0,0,10.2040364906947,34.2560553633218,79,11.662207167686,116.1,738,6.60394382460047
"36083051600","Census Tract 516, Rensselaer County, New York","B01001_001",6910,332,3.69137670196672,8.32072617246596,87.9878971255673,6910,5610,276,515,6910,363,0.811866859623734,0.0399421128798842,0.0745296671490593,0.0525325615050651,1,0,0,0,10.2841475417253,42.9058663028649,63,11.8458198802436,139.5,1037,6.94408720822953
"36083051701","Census Tract 517.01, Rensselaer County, New York","B01001_001",3414,19,2.98165137614679,1.94954128440367,95.0688073394495,3414,3316,0,0,3414,93,0.971294669009959,0,0,0.0272407732864675,1,0,0,0,10.2798670797492,76.4660493827161,68,12.0878520141427,177.7,918,6.82219739062049
"36083051702","Census Tract 517.02, Rensselaer County, New York","B01001_001",3445,21,6.06451612903226,4.32258064516129,89.6129032258064,3445,3345,35,0,3445,40,0.970972423802613,0.0101596516690856,0,0.011611030478955,1,0,0,0,10.1740870450066,62.9890453834116,79,11.5787132055082,106.8,848,6.7428806357919
"36083051800","Census Tract 518, Rensselaer County, New York","B01001_001",5713,21,2.17543859649123,2.66666666666667,95.1578947368421,5713,5684,0,0,5713,27,0.99492385786802,0,0,0.00472606336425696,1,0,0,0,10.4951002222718,84.7544022242817,44,12.1426002225746,187.7,883,6.78332520060396
"36083051901","Census Tract 519.01, Rensselaer County, New York","B01001_001",4114,222,2.44755244755245,4.89510489510489,92.6573426573427,4114,3856,166,5,4114,26,0.937287311618862,0.0403500243072436,0.00121536217792902,0.00631988332523092,1,0,0,0,10.4393959566696,85.5245683930943,50,12.0968156595932,179.3,693,6.5410299991899
"36083051902","Census Tract 519.02, Rensselaer County, New York","B01001_001",3562,224,8.92434988179669,2.71867612293144,88.3569739952719,3562,3401,40,19,3562,57,0.954800673778776,0.0112296462661426,0.00533408197641774,0.0160022459292532,1,0,0,0,10.3385114628858,89.2424242424242,55,12.0889768736539,177.9,787,6.6682282484174
"36083052002","Census Tract 520.02, Rensselaer County, New York","B01001_001",1757,148,3.01768990634755,0.520291363163372,96.4620187304891,1757,1691,6,19,1757,11,0.962435970404098,0.00341491178144565,0.0108138873079112,0.00626067159931702,1,0,0,0,10.5217764795516,88.4671532846715,54,12.3681914950066,235.2,802,6.68710860786651
"36083052003","Census Tract 520.03, Rensselaer County, New York","B01001_001",4520,257,0.862745098039216,1.2156862745098,97.921568627451,4520,4229,78,96,4520,98,0.935619469026549,0.0172566371681416,0.0212389380530973,0.0216814159292035,1,0,0,0,10.6779151360472,76.5171503957784,43,12.1489730534896,188.9,1047,6.95368421087054
"36083052004","Census Tract 520.04, Rensselaer County, New York","B01001_001",6092,236,0.576867608883761,0.490337467551197,98.932794923565,6092,5821,20,149,6092,119,0.955515430072226,0.00328299409061064,0.0244583059750492,0.0195338148391333,1,0,0,0,10.7702098174418,75.2696456086287,56,12.2481738215488,208.6,1088,6.99209642741589
"36083052101","Census Tract 521.01, Rensselaer County, New York","B01001_001",2240,188,4.97000856898029,1.97086546700943,93.0591259640103,2240,2156,37,18,2240,54,0.9625,0.0165178571428571,0.00803571428571428,0.0241071428571429,1,0,0,0,10.4993526102895,80.8917197452229,43,12.0535040468856,171.7,872,6.77078942390898
"36083052102","Census Tract 521.02, Rensselaer County, New York","B01001_001",1571,140,2.0891364902507,8.35654596100279,89.5543175487465,1571,1552,0,0,1571,21,0.987905792488861,0,0,0.0133672819859962,1,0,0,0,10.261895993101,88.062015503876,42,11.8543852431025,140.7,664,6.49828214947643
"36083052103","Census Tract 521.03, Rensselaer County, New York","B01001_001",1699,179,2.32288037166086,5.11033681765389,92.5667828106852,1699,1678,0,8,1699,5,0.987639788110653,0,0.00470865214832254,0.00294290759270159,1,0,0,0,10.2385659610873,83.8664812239221,52,11.8313791960888,137.5,823,6.71295620067707
"36083052201","Census Tract 522.01, Rensselaer County, New York","B01001_001",4534,20,2.3696682464455,0.276461295418641,97.3538704581359,4534,4505,0,0,4534,65,0.993603881782091,0,0,0.0143361270401412,1,0,0,0,10.7026150566333,78.4651992861392,47,12.281180118017,215.6,773,6.65027904858742
"36083052203","Census Tract 522.03, Rensselaer County, New York","B01001_001",5764,229,0.452927855063086,4.8527984471045,94.6942736978324,5764,5532,64,0,5764,124,0.959750173490632,0.0111034004163775,0,0.0215128383067314,1,0,0,0,10.5918734159944,88.7722501141031,53,12.2624529789663,211.6,757,6.62936325343745
"36083052204","Census Tract 522.04, Rensselaer County, New York","B01001_001",2768,224,3.73027259684362,3.15638450502152,93.1133428981349,2768,2766,0,0,2768,43,0.999277456647399,0,0,0.0155346820809249,1,0,0,0,10.6830646910944,92.1001926782274,53,12.4403539412548,252.8,1004,6.91174730025167
"36083052301","Census Tract 523.01, Rensselaer County, New York","B01001_001",3919,313,3.1636863823934,2.61348005502063,94.222833562586,3919,3613,108,103,3919,343,0.921918856851238,0.0275580505230926,0.0262822148507272,0.0875223271242664,1,0,0,0,10.5390585849585,60.5981794538362,43,12.4525420221479,255.9,1401,7.24494154633701
"36083052303","Census Tract 523.03, Rensselaer County, New York","B01001_001",1144,138,7.32984293193717,4.88656195462478,87.783595113438,1144,1127,2,0,1144,0,0.98513986013986,0.00174825174825175,0,0,1,0,0,0,10.4583204922951,83.5585585585586,65,12.1372583295298,186.7,1055,6.96129604591017
"36083052304","Census Tract 523.04, Rensselaer County, New York","B01001_001",7088,323,0.864714086471409,0.920502092050209,98.2147838214784,7088,6738,150,72,7088,123,0.950620767494357,0.0211625282167043,0.0101580135440181,0.0173532731376975,1,0,0,0,10.5286770399128,82.0798848506657,55,12.1980404738329,198.4,833,6.72503364216684
"36083052402","Census Tract 524.02, Rensselaer County, New York","B01001_001",2353,162,2.52365930599369,1.57728706624606,95.8990536277603,2353,2227,56,31,2353,41,0.946451338716532,0.0237994050148746,0.0131746706332342,0.0174245643858904,1,0,0,0,10.4290441409021,88.1971465629053,35,12.6628643808037,315.8,393,5.97380961186926
"36083052403","Census Tract 524.03, Rensselaer County, New York","B01001_001",6709,345,4.71354166666667,2.99479166666667,92.2916666666667,6709,6000,200,399,6709,167,0.894321061260993,0.0298107020420331,0.059472350573856,0.0248919362050976,1,0,0,0,10.6073273626348,75.6166982922201,47,12.1356501812336,186.4,1159,7.05531284333975
"36083052404","Census Tract 524.04, Rensselaer County, New York","B01001_001",7400,363,2.32194103835116,1.90451343595095,95.7735455256979,7400,6759,105,227,7400,283,0.913378378378378,0.0141891891891892,0.0306756756756757,0.0382432432432432,1,0,0,0,10.7103204974999,74.6941628801118,44,12.2390237456699,206.7,1078,6.98286275146894
"36083052501","Census Tract 525.01, Rensselaer County, New York","B01001_001",6366,338,0.423866970981415,2.18454515813499,97.3915878708836,6366,6097,89,40,6366,26,0.957744266415332,0.0139805215205781,0.00628338045868677,0.0040841972981464,1,0,0,0,10.578088815809,80.0992966487381,46,12.3410405059407,228.9,933,6.83840520084734
"36083052502","Census Tract 525.02, Rensselaer County, New York","B01001_001",5394,338,2.96220633299285,2.48552945182159,94.5522642151856,5394,5168,81,120,5394,2,0.958101594364108,0.0150166852057842,0.0222469410456062,0.000370782350760104,1,0,0,0,10.6013237225822,83.5411471321696,40,12.291332489481,217.8,887,6.78784498230958
"36083052503","Census Tract 525.03, Rensselaer County, New York","B01001_001",1325,116,1.22324159021407,1.37614678899083,97.4006116207951,1325,1261,24,0,1325,35,0.951698113207547,0.0181132075471698,0,0.0264150943396226,1,0,0,0,10.5417032495699,79.8804780876494,79,12.0124878964575,164.8,884,6.78445706263764
"36083052601","Census Tract 526.01, Rensselaer County, New York","B01001_001",3783,95,5.29595015576324,2.07684319833853,92.6272066458982,3783,3543,88,66,3783,97,0.936558287073751,0.0232619614062913,0.0174464710547185,0.0256410256410256,1,0,0,0,10.5377336251759,83.0315224681422,56,12.1340394426303,186.1,970,6.87729607149743
"36083052602","Census Tract 526.02, Rensselaer County, New York","B01001_001",1075,97,4.61811722912966,0.532859680284192,94.8490230905861,1075,1029,8,0,1075,28,0.957209302325581,0.00744186046511628,0,0.026046511627907,1,0,0,0,10.4948234669494,65.6050955414013,74,12.0070117647319,163.9,727,6.58892647753352
"36083052603","Census Tract 526.03, Rensselaer County, New York","B01001_001",2894,12,1.38121546961326,2.62430939226519,95.9944751381215,2894,2885,0,9,2894,61,0.996890117484451,0,0.00310988251554941,0.0210780926053905,1,0,0,0,10.4552727613564,83.6701697655618,38,12.1001564199386,179.9,845,6.73933662735717
"36091060101","Census Tract 601.01, Saratoga County, New York","B01001_001",5901,287,2.46753246753247,1.68831168831169,95.8441558441558,5901,5665,143,0,5901,142,0.960006778512117,0.0242331808168107,0,0.0240637180138959,1,0,0,0,10.4633890139487,77.0871143375681,32,12.1858699382127,196,903,6.80572255341699
"36091060102","Census Tract 601.02, Saratoga County, New York","B01001_001",5669,288,1.5820698747528,2.1753460777851,96.2425840474621,5669,5553,53,0,5669,80,0.979537837361087,0.00934909155053801,0,0.0141118363026989,1,0,0,0,10.4391326101186,78.2970846830171,43,12.1452605061334,188.2,969,6.87626461189077
"36091060200","Census Tract 602, Saratoga County, New York","B01001_001",3591,23,3.56536502546689,5.94227504244482,90.4923599320883,3591,3465,93,30,3591,92,0.964912280701754,0.0258980785296575,0.00835421888053467,0.025619604566973,1,0,0,0,10.1760686774527,49.7332542975697,69,11.9230463846146,150.7,815,6.70318811324086
"36091060300","Census Tract 603, Saratoga County, New York","B01001_001",3843,198,1.75438596491228,6.96594427244582,91.2796697626419,3843,3764,57,0,3843,155,0.97944314337757,0.014832162373146,0,0.0403330731199584,1,0,0,0,10.3046768657815,89.3397524071527,43,11.8893049921833,145.7,822,6.71174039505618
"36091060400","Census Tract 604, Saratoga County, New York","B01001_001",2632,196,8.33333333333333,9.42028985507246,82.2463768115942,2632,2486,12,0,2632,63,0.944528875379939,0.00455927051671732,0,0.023936170212766,1,0,0,0,10.0920810660909,58.6744639376218,79,11.8270060112765,136.9,846,6.74051935960622
"36091060501","Census Tract 605.01, Saratoga County, New York","B01001_001",1750,170,4.72103004291846,2.14592274678112,93.1330472103004,1750,1693,0,0,1750,10,0.967428571428571,0,0,0.00571428571428571,1,0,0,0,10.1841827736883,82.5597749648383,45,12.0027317215121,163.2,881,6.78105762593618
"36091060502","Census Tract 605.02, Saratoga County, New York","B01001_001",2192,128,6.36871508379888,8.71508379888268,84.9162011173184,2192,2172,11,0,2192,16,0.990875912408759,0.00501824817518248,0,0.0072992700729927,1,0,0,0,10.1729420067136,90.5263157894737,45,12.1960223096767,198,775,6.65286302935335
"36091060503","Census Tract 605.03, Saratoga County, New York","B01001_001",2216,119,2.05724508050089,3.30948121645796,94.6332737030411,2216,2164,6,0,2216,58,0.976534296028881,0.00270758122743682,0,0.026173285198556,1,0,0,0,10.3328319344342,87.1462264150943,34,12.116694834379,182.9,1059,6.96508034560141
"36091060601","Census Tract 606.01, Saratoga County, New York","B01001_001",2833,235,2.1630615640599,1.33111480865225,96.5058236272879,2833,2625,17,40,2833,30,0.926579597599718,0.0060007059654077,0.0141193081539005,0.0105894811154253,1,0,0,0,10.3518524949595,63.9225181598063,29,12.3639307301458,234.2,2254,7.72046169459972
"36091060602","Census Tract 606.02, Saratoga County, New York","B01001_001",4939,236,3.44965904532692,2.76774969915764,93.7825912555154,4939,4811,3,10,4939,17,0.974083822636161,0.000607410406964973,0.00202470135654991,0.00344199230613484,1,0,0,0,10.5340143711144,86.5792129162462,34,12.3579349948394,232.8,1110,7.01211529430638
"36091060701","Census Tract 607.01, Saratoga County, New York","B01001_001",7314,394,2.43702081051479,4.16210295728368,93.4008762322015,7314,6981,78,114,7314,222,0.954470877768663,0.0106644790812141,0.0155865463494668,0.0303527481542248,1,0,0,0,10.3689182418117,66.8849069607167,24,12.3013828253345,220,1284,7.15773548424991
"36091060702","Census Tract 607.02, Saratoga County, New York","B01001_001",9339,392,1.26930399830759,2.05204146393061,96.6786545377618,9339,8842,174,194,9339,177,0.946782310739908,0.0186315451333119,0.0207731020451869,0.0189527786700932,1,0,0,0,10.7130835457393,82.194046306505,26,12.5357360402221,278.1,1257,7.13648320859025
"36091060800","Census Tract 608, Saratoga County, New York","B01001_001",5151,25,2.90143084260731,2.06677265500795,95.0317965023847,5151,4943,63,10,5151,213,0.959619491360901,0.0122306348281887,0.001941370607649,0.0413511939429237,1,0,0,0,10.4926621427131,88.7760555852485,30,12.1745819784388,193.8,1111,7.01301578963963
"36091060901","Census Tract 609.01, Saratoga County, New York","B01001_001",3833,164,0.642609985170539,0.642609985170539,98.7147800296589,3833,3628,90,48,3833,277,0.946517088442473,0.0234803026350117,0.0125228280720063,0.0722671536655361,1,0,0,0,10.3781988333811,88.8022678951098,32,12.4300158770149,250.2,1152,7.04925484125584
"36091060902","Census Tract 609.02, Saratoga County, New York","B01001_001",1842,160,3.90355912743972,8.84041331802526,87.256027554535,1842,1710,103,0,1842,22,0.928338762214984,0.0559174809989142,0,0.011943539630836,1,0,0,0,10.1952612428912,54.0084388185654,79,11.8740903141818,143.5,829,6.7202201551353
"36091061000","Census Tract 610, Saratoga County, New York","B01001_001",4277,456,1.77392739273927,4.66171617161716,93.5643564356436,4277,3872,42,216,4277,191,0.905307458498948,0.00981996726677578,0.0505026888005611,0.0446574701893851,1,0,0,0,10.8204380667061,28.4862932061979,79,13.2269035566783,555.1,918,6.82219739062049
"36091061100","Census Tract 611, Saratoga County, New York","B01001_001",5803,434,3.91834046756668,3.2927230819888,92.7889364504445,5803,5285,270,148,5803,242,0.910735826296743,0.0465276581078752,0.025504049629502,0.0417025676374289,1,0,0,0,10.4231440689369,52.8849687614847,59,12.6974095927123,326.9,994,6.90173720665657
"36091061200","Census Tract 612, Saratoga County, New York","B01001_001",5262,510,3.21755027422303,2.41316270566728,94.3692870201097,5262,4935,28,162,5262,115,0.937856328392246,0.00532117065754466,0.0307867730900798,0.0218548080577727,1,0,0,0,10.4328208478579,44.7937933850551,59,12.6491546172096,311.5,1171,7.06561336359772
"36091061301","Census Tract 613.01, Saratoga County, New York","B01001_001",3591,290,0.477164280845262,1.6359918200409,97.8868438991138,3591,3440,6,30,3591,44,0.957950431634642,0.00167084377610693,0.00835421888053467,0.0122528543581175,1,0,0,0,10.8630101728023,91.7331399564902,21,13.0807077021355,479.6,1674,7.42297125104942
"36091061302","Census Tract 613.02, Saratoga County, New York","B01001_001",6490,383,0.752587017873942,3.29256820319849,95.9548447789276,6490,6217,106,61,6490,181,0.957935285053929,0.0163328197226502,0.00939907550077042,0.0278890600924499,1,0,0,0,10.5311090582159,75.4535357275083,39,12.3419138684416,229.1,1376,7.22693601849329
"36091061303","Census Tract 613.03, Saratoga County, New York","B01001_001",2024,213,NA,NA,NA,2024,1488,118,258,2024,148,0.735177865612648,0.058300395256917,0.127470355731225,0.0731225296442688,1,0,0,0,7.82364593083495,NA,NA,NA,NA,NA,NA
"36091061401","Census Tract 614.01, Saratoga County, New York","B01001_001",5251,301,5.56237218813906,3.02658486707566,91.4110429447853,5251,5121,3,0,5251,65,0.975242810893163,0.000571319748619311,0,0.0123785945534184,1,0,0,0,10.1790337826434,83.2025117739403,28,10.9869862033942,59.1,987,6.89467003943348
"36091061403","Census Tract 614.03, Saratoga County, New York","B01001_001",6236,311,0.418275418275418,2.50965250965251,97.0720720720721,6236,6019,70,137,6236,43,0.965202052597819,0.0112251443232842,0.0219692110327133,0.00689544579858884,1,0,0,0,10.5837774310935,79.1921664626683,27,12.2120547172077,201.2,1167,7.06219163228656
"36091061404","Census Tract 614.04, Saratoga County, New York","B01001_001",2820,212,0.5273566249176,2.7686222808174,96.704021094265,2820,2739,27,0,2820,42,0.971276595744681,0.00957446808510638,0,0.0148936170212766,1,0,0,0,10.6760002884768,89.2756349952963,31,12.4668972638121,259.6,1646,7.40610338123702
"36091061500","Census Tract 615, Saratoga County, New York","B01001_001",3535,24,6.65068903535051,3.71479928100659,89.6345116836429,3535,3418,0,0,3535,75,0.966902404526167,0,0,0.0212164073550212,1,0,0,0,10.4330564191193,87.3417721518987,46,12.3467037752699,230.2,921,6.82546003625531
"36091061600","Census Tract 616, Saratoga County, New York","B01001_001",4181,24,0.0464468183929401,0.418021365536461,99.5355318160706,4181,4073,32,0,4181,20,0.974168859124611,0.00765367137048553,0,0.00478354460655346,1,0,0,0,10.5468928662012,94.9969493593655,52,12.4657409715268,259.3,819,6.70808408385307
"36091061701","Census Tract 617.01, Saratoga County, New York","B01001_001",5154,240,5.86124401913876,8.69218500797448,85.4465709728868,5154,4788,77,165,5154,145,0.928987194412107,0.0149398525417152,0.0320139697322468,0.0281334885525805,1,0,0,0,10.4996556614662,72.2814498933902,35,12.6303595078789,305.7,985,6.89264164117209
"36091061702","Census Tract 617.02, Saratoga County, New York","B01001_001",4393,231,NA,NA,NA,4393,4272,28,84,4393,50,0.97245618028682,0.00637377646255406,0.0191213293876622,0.0113817436831323,1,0,0,0,10.6242985370785,82.1579264617239,53,12.4032828148179,243.6,1179,7.07242190053737
"36091061800","Census Tract 618, Saratoga County, New York","B01001_001",5500,320,3.02497361941611,4.71333098839254,92.2616953921913,5500,5018,104,105,5500,248,0.912363636363636,0.0189090909090909,0.0190909090909091,0.0450909090909091,1,0,0,0,10.3956195338549,51.8502202643172,70,12.2638697442564,211.9,886,6.78671695060508
"36091061901","Census Tract 619.01, Saratoga County, New York","B01001_001",9333,275,1.56733347081873,0.618684264796865,97.8139822643844,9333,8868,69,207,9333,121,0.950176792028287,0.00739312118289939,0.0221793635486982,0.0129647487410265,1,0,0,0,10.7312093313923,66.6151866151866,29,12.6297050575938,305.5,1060,6.96602418710611
"36091061903","Census Tract 619.03, Saratoga County, New York","B01001_001",5786,279,1.6837899543379,1.14155251141552,97.1746575342466,5786,5556,73,45,5786,353,0.960248876598687,0.0126166609056343,0.00777739370895264,0.0610093328724507,1,0,0,0,10.6277214936282,78.8056206088993,33,12.2130482592666,201.4,1109,7.01121398735037
"36091062000","Census Tract 620, Saratoga County, New York","B01001_001",6526,150,0.510204081632653,2.64668367346939,96.843112244898,6526,6316,68,105,6526,163,0.967821023597916,0.0104198590254367,0.016089488201042,0.0249770150168557,1,0,0,0,10.5093324046933,85.952380952381,34,12.4134932363791,246.1,1145,7.04315991598834
"36091062100","Census Tract 621, Saratoga County, New York","B01001_001",1910,149,5.68400770712909,2.69749518304432,91.6184971098266,1910,1858,25,14,1910,26,0.972774869109948,0.0130890052356021,0.00732984293193717,0.0136125654450262,1,0,0,0,10.2736017833414,70.8879184861718,57,12.1735494538246,193.6,916,6.82001636467413
"36091062200","Census Tract 622, Saratoga County, New York","B01001_001",3069,216,4.4,9.33333333333333,86.2666666666667,3069,2975,33,31,3069,87,0.969371130661453,0.010752688172043,0.0101010101010101,0.0283479960899316,1,0,0,0,10.1233457128588,32.6440177252585,73,11.8508252535826,140.2,801,6.68586094706836
"36091062300","Census Tract 623, Saratoga County, New York","B01001_001",2100,219,8.11623246492986,4.50901803607214,87.374749498998,2100,1976,58,15,2100,48,0.940952380952381,0.0276190476190476,0.00714285714285714,0.0228571428571429,1,0,0,0,10.1922690204312,40.7938257993385,79,11.9550438907264,155.6,815,6.70318811324086
"36091062403","Census Tract 624.03, Saratoga County, New York","B01001_001",6438,350,2.74307441607822,0.950570342205323,96.3063552417165,6438,5842,74,436,6438,384,0.907424666045356,0.0114942528735632,0.0677228953091022,0.059645852749301,1,0,0,0,10.6895784787388,71.9973235195718,32,12.2600872338364,211.1,1075,6.98007594056176
"36091062404","Census Tract 624.04, Saratoga County, New York","B01001_001",1986,149,1.50214592274678,3.11158798283262,95.3862660944206,1986,1945,0,22,1986,40,0.979355488418932,0,0.0110775427995972,0.0201409869083585,1,0,0,0,10.6248819960342,80.2617230098146,18,12.6931177406308,325.5,1082,6.98656645940643
"36091062405","Census Tract 624.05, Saratoga County, New York","B01001_001",7268,483,3.72340425531915,5.1257253384913,91.1508704061896,7268,6220,160,717,7268,398,0.855806274078151,0.0220143093010457,0.098651623555311,0.0547605943863511,1,0,0,0,10.3764555337459,41.8466353677621,28,12.3536302098878,231.8,1109,7.01121398735037
"36091062406","Census Tract 624.06, Saratoga County, New York","B01001_001",3618,337,2.42173656231542,4.13467217956291,93.4435912581217,3618,3277,45,211,3618,124,0.905749032614704,0.0124378109452736,0.0583195135433941,0.0342730790491984,1,0,0,0,10.5102867723608,65.9942363112392,28,12.3958662171628,241.8,1220,7.1066061377273
"36091062501","Census Tract 625.01, Saratoga County, New York","B01001_001",5010,228,2.08246563931695,0.458142440649729,97.4593919200333,5010,4593,104,134,5010,97,0.916766467065868,0.0207584830339321,0.0267465069860279,0.0193612774451098,1,0,0,0,10.8517419596157,95.2941176470588,38,12.5241626741533,274.9,2047,7.62413058566129
"36091062503","Census Tract 625.03, Saratoga County, New York","B01001_001",5900,262,0.0338983050847458,1.83050847457627,98.135593220339,5900,5367,111,241,5900,365,0.909661016949153,0.0188135593220339,0.0408474576271186,0.061864406779661,1,0,0,0,10.7484326473397,72.4757952973721,47,12.4935046867267,266.6,1286,7.15929190479756
"36091062505","Census Tract 625.05, Saratoga County, New York","B01001_001",3909,287,1.74142480211082,5.59366754617414,92.664907651715,3909,3329,166,380,3909,61,0.851624456382707,0.0424661038628805,0.097211563059606,0.0156050140700947,1,0,0,0,10.7775386188024,85.6452726017943,18,12.6018240614507,297.1,956,6.8627579130514
"36091062506","Census Tract 625.06, Saratoga County, New York","B01001_001",5658,374,0.88135593220339,1.69491525423729,97.4237288135593,5658,4998,179,197,5658,99,0.883351007423118,0.0316366207140332,0.0348179568752209,0.0174973488865323,1,0,0,0,10.9622495966043,88.6508659981768,36,12.4711255999216,260.7,1117,7.0184017990692
"36091062507","Census Tract 625.07, Saratoga County, New York","B01001_001",3861,246,7.11594809543742,1.21389702804521,91.6701548765174,3861,3187,218,212,3861,329,0.825433825433825,0.0564620564620565,0.0549080549080549,0.0852110852110852,1,0,0,0,10.7257313064305,66.9962917181706,33,12.4852183869597,264.4,1133,7.03262426102801
"36091062508","Census Tract 625.08, Saratoga County, New York","B01001_001",4548,274,3.48214285714286,3.48214285714286,93.0357142857143,4548,4087,166,268,4548,120,0.898636763412489,0.0364995602462621,0.0589270008795075,0.0263852242744063,1,0,0,0,10.5868116441473,71.0480602200347,39,12.5197878950288,273.7,1101,7.00397413672268
"36091062509","Census Tract 625.09, Saratoga County, New York","B01001_001",3150,202,0.988372093023256,1.80232558139535,97.2093023255814,3150,2953,100,66,3150,57,0.937460317460317,0.0317460317460317,0.020952380952381,0.0180952380952381,1,0,0,0,10.7670945501248,65.3118430273301,36,12.5769463088687,289.8,1013,6.92067150424868
"36091062601","Census Tract 626.01, Saratoga County, New York","B01001_001",2444,140,NA,NA,NA,2444,2323,1,76,2444,18,0.950490998363339,0.000409165302782324,0.0310965630114566,0.00736497545008183,1,0,0,0,10.8227937333707,96.3934426229508,41,12.5197878950288,273.7,1583,7.36707705988101
"36091062602","Census Tract 626.02, Saratoga County, New York","B01001_001",6430,384,1.7359973796266,2.29282672780871,95.9711758925647,6430,5706,26,635,6430,269,0.887402799377916,0.00404354587869362,0.098755832037325,0.0418351477449456,1,0,0,0,10.8995871185837,88.8483373884834,25,12.6581032227857,314.3,2676,7.89207842124812
"36091062700","Census Tract 627, Saratoga County, New York","B01001_001",6364,173,1.16562754133912,5.31309297912714,93.5212794795337,6364,6030,67,54,6364,39,0.947517284726587,0.0105279698302954,0.00848522941546197,0.00612822124450031,1,0,0,0,10.410214789376,62.8442097321765,49,12.2755987081788,214.4,895,6.79682371827486
"36091062800","Census Tract 628, Saratoga County, New York","B01001_001",2059,175,4.65918895599655,8.45556514236411,86.8852459016393,2059,1869,25,113,2059,50,0.907722195240408,0.0121418164157358,0.0548810101991258,0.0242836328314716,1,0,0,0,10.270662181356,43.680485338726,79,11.9766594812024,159,779,6.65801104587075
"36093020101","Census Tract 201.01, Schenectady County, New York","B01001_001",2752,336,0.884955752212389,2.72861356932153,96.3864306784661,2752,1707,317,538,2752,85,0.620276162790698,0.115188953488372,0.195494186046512,0.0308866279069767,1,0,0,0,10.5065732547274,48.7610619469027,62,11.9036152874962,147.8,900,6.80239476332431
"36093020102","Census Tract 201.02, Schenectady County, New York","B01001_001",2757,437,2.20588235294118,15.7169117647059,82.0772058823529,2757,1587,608,339,2757,549,0.575625680087051,0.220529561117156,0.122959738846572,0.199129488574538,1,0,0,0,9.93711573351611,48.8235294117647,58,11.7352686961137,124.9,545,6.30078579466324
"36093020200","Census Tract 202, Schenectady County, New York","B01001_001",2130,546,11.0119047619048,10.9126984126984,78.0753968253968,2130,1333,381,113,2130,377,0.625821596244131,0.17887323943662,0.0530516431924883,0.176995305164319,1,0,0,0,9.88903359556598,46.1322081575246,79,11.5991031612113,109,808,6.69456205852109
"36093020300","Census Tract 203, Schenectady County, New York","B01001_001",1547,290,9.28074245939675,4.40835266821346,86.3109048723898,1547,1143,255,45,1547,90,0.738849385908209,0.164835164835165,0.0290885585003232,0.0581771170006464,1,0,0,0,9.35322785952473,27.3584905660377,79,11.5511841770873,103.9,777,6.65544035036765
"36093020500","Census Tract 205, Schenectady County, New York","B01001_001",5034,573,3.34261838440111,6.8842021488261,89.7731794667728,5034,3973,609,104,5034,175,0.789233214143822,0.120977353992849,0.0206595152959873,0.0347636074692094,1,0,0,0,10.3454452970033,73.1268731268731,79,11.8204101647182,136,886,6.78671695060508
"36093020600","Census Tract 206, Schenectady County, New York","B01001_001",3097,409,0.30902348578492,5.87144622991347,93.8195302843016,3097,2422,429,4,3097,198,0.782047142395867,0.138521149499516,0.00129157248950597,0.0639328382305457,1,0,0,0,10.2791118186333,68.3870967741936,79,11.8712989655445,143.1,888,6.78897174299217
"36093020700","Census Tract 207, Schenectady County, New York","B01001_001",6046,678,9.24623115577889,5.15912897822446,85.5946398659966,6046,2003,1814,448,6046,737,0.331293417135296,0.30003307972213,0.0740985775719484,0.121898776050281,1,0,0,0,9.92559145144305,54.0141998907701,79,11.470017963959,95.8,880,6.77992190747225
"36093020800","Census Tract 208, Schenectady County, New York","B01001_001",2942,588,12.3255813953488,8.68217054263566,78.9922480620155,2942,1335,734,191,2942,301,0.453772943575799,0.249490142760027,0.0649218218898708,0.10231135282121,1,0,0,0,9.93542217106647,29.4117647058824,79,11.5018645176108,98.9,888,6.78897174299217
"36093020900","Census Tract 209, Schenectady County, New York","B01001_001",3101,752,9.66239813736903,5.23864959254948,85.0989522700815,3101,913,1652,103,3101,337,0.294421154466301,0.532731376975169,0.0332150919058368,0.108674621089971,0,1,0,0,9.42762680380599,24.8070562293275,79,11.1257913135468,67.9,758,6.63068338564237
"36093021001","Census Tract 210.01, Schenectady County, New York","B01001_001",961,178,18.705035971223,16.1870503597122,65.1079136690647,961,416,328,40,961,115,0.432882414151925,0.341311134235172,0.0416233090530697,0.119667013527575,1,0,0,0,9.480214825778,4.81927710843374,73,11.5405406320032,102.8,635,6.45362499889269
"36093021002","Census Tract 210.02, Schenectady County, New York","B01001_001",2362,493,18.348623853211,16.3608562691131,65.2905198776758,2362,1069,1078,17,2362,671,0.452582557154953,0.456392887383573,0.00719729043183743,0.284081287044877,0,1,0,0,9.45045902749635,21.7568947906027,69,11.0928542044727,65.7,401,5.99396142730657
"36093021200","Census Tract 212, Schenectady County, New York","B01001_001",2984,466,2.70700636942675,5.01592356687898,92.2770700636943,2984,2641,122,34,2984,142,0.885053619302949,0.0408847184986595,0.0113941018766756,0.0475871313672922,1,0,0,0,10.0484100692557,55.2507095553453,79,11.4783340202006,96.6,901,6.80350525760834
"36093021400","Census Tract 214, Schenectady County, New York","B01001_001",2760,607,13.6474411047929,13.8911454102356,72.4614134849716,2760,1059,972,302,2760,303,0.383695652173913,0.352173913043478,0.109420289855072,0.109782608695652,1,0,0,0,9.69830670159609,43.7947494033413,79,11.2502611554937,76.9,769,6.64509096950564
"36093021500","Census Tract 215, Schenectady County, New York","B01001_001",3409,649,8.92282958199357,8.27974276527331,82.7974276527331,3409,1461,945,337,3409,736,0.428571428571429,0.277207392197125,0.0988559694925198,0.215899090642417,1,0,0,0,9.81049468568696,29.5302013422819,79,11.4772982873271,96.5,849,6.74405918631135
"36093021600","Census Tract 216, Schenectady County, New York","B01001_001",3974,573,8.42911877394636,4.65243568691845,86.9184455391352,3974,1725,732,445,3974,567,0.434071464519376,0.184197282335179,0.111977856064419,0.142677403120282,1,0,0,0,9.9925967276079,71.5079365079365,79,11.4273675766086,91.8,808,6.69456205852109
"36093021700","Census Tract 217, Schenectady County, New York","B01001_001",3770,534,16.8010752688172,18.010752688172,65.1881720430108,3770,1531,1335,123,3770,731,0.406100795755968,0.354111405835544,0.0326259946949602,0.193899204244032,1,0,0,0,9.95859107876215,37.517146776406,79,11.4626842485335,95.1,690,6.5366915975913
"36093021800","Census Tract 218, Schenectady County, New York","B01001_001",8060,660,3.71835443037975,4.87869198312236,91.4029535864979,8060,6377,593,294,8060,272,0.791191066997519,0.0735732009925558,0.0364764267990074,0.0337468982630273,1,0,0,0,10.2550946767416,66.2209487424387,60,11.7535159298882,127.2,947,6.85329909318608
"36093031900","Census Tract 319, Schenectady County, New York","B01001_001",8070,513,0.860632981676846,2.8317601332593,96.3076068850639,8070,6927,259,550,8070,109,0.858364312267658,0.032094175960347,0.0681536555142503,0.0135068153655514,1,0,0,0,10.6731327040688,81.2387468491177,43,12.4916274569658,266.1,788,6.66949808985788
"36093032000","Census Tract 320, Schenectady County, New York","B01001_001",6406,447,0.629973474801061,1.29310344827586,98.0769230769231,6406,5288,246,618,6406,294,0.825476116141118,0.0384014985950671,0.0964720574461442,0.04589447393069,1,0,0,0,10.8607282707392,74.1243432574431,69,12.2288121324997,204.6,1109,7.01121398735037
"36093032101","Census Tract 321.01, Schenectady County, New York","B01001_001",5547,459,NA,NA,NA,5547,4802,7,620,5547,257,0.865693167477916,0.00126194339282495,0.111772129078781,0.0463313502794303,1,0,0,0,10.8392082932732,88.6509635974304,46,12.6909648872697,324.8,1367,7.22037383672395
"36093032102","Census Tract 321.02, Schenectady County, New York","B01001_001",1853,154,5.45212765957447,4.65425531914894,89.8936170212766,1853,1466,210,161,1853,113,0.791149487317863,0.11332973556395,0.0868861305990286,0.0609821910415542,1,0,0,0,10.5234186707648,93.8250428816467,58,12.5848514883758,292.1,1088,6.99209642741589
"36093032200","Census Tract 322, Schenectady County, New York","B01001_001",4799,343,2.8006589785832,2.34761120263591,94.8517298187809,4799,4530,114,34,4799,165,0.94394665555324,0.0237549489476974,0.00708480933527818,0.0343821629506147,1,0,0,0,10.409732701928,75.9338313767343,74,11.8465364693104,139.6,673,6.51174532964473
"36093032300","Census Tract 323, Schenectady County, New York","B01001_001",2933,340,2.9723991507431,7.92639773531493,89.101203113942,2933,2748,140,0,2933,110,0.936924650528469,0.0477326968973747,0,0.0375042618479373,1,0,0,0,10.3261047194619,67.0299727520436,79,11.8063410692698,134.1,881,6.78105762593618
"36093032402","Census Tract 324.02, Schenectady County, New York","B01001_001",3106,406,NA,NA,NA,3106,2757,42,217,3106,124,0.887636831938184,0.0135222150676111,0.0698647778493239,0.0399227301996136,1,0,0,0,10.4654719616437,65.1666666666667,41,12.390475368528,240.5,886,6.78671695060508
"36093032403","Census Tract 324.03, Schenectady County, New York","B01001_001",2152,190,3.03819444444444,3.99305555555556,92.96875,2152,2031,44,50,2152,0,0.943773234200744,0.0204460966542751,0.0232342007434944,0,1,0,0,0,10.3937838850496,82,72,11.9646378242437,157.1,1194,7.08506429395255
"36093032404","Census Tract 324.04, Schenectady County, New York","B01001_001",6729,444,1.87403993855607,2.36559139784946,95.7603686635945,6729,6577,41,71,6729,286,0.977411205231089,0.00609303016792986,0.0105513449249517,0.0425026006836083,1,0,0,0,10.4193007178132,70.1374427321949,49,12.2685778508816,212.9,1031,6.93828448401696
"36093032502","Census Tract 325.02, Schenectady County, New York","B01001_001",3481,272,3.25520833333333,4.36197916666667,92.3828125,3481,3378,13,31,3481,73,0.970410801493824,0.00373455903476013,0.00890548692904338,0.0209709853490376,1,0,0,0,10.4141231582498,90.5707196029777,61,12.1447290152891,188.1,1417,7.25629723969068
"36093032503","Census Tract 325.03, Schenectady County, New York","B01001_001",4180,351,4.20939017808958,0.485698866702644,95.3049109552078,4180,3888,103,26,4180,153,0.930143540669856,0.0246411483253589,0.0062200956937799,0.0366028708133971,1,0,0,0,10.6226435522771,85.7442348008386,59,12.2015624900523,199.1,1076,6.98100574072173
"36093032504","Census Tract 325.04, Schenectady County, New York","B01001_001",2110,180,3,4.54545454545455,92.4545454545455,2110,1977,5,27,2110,114,0.93696682464455,0.0023696682464455,0.0127962085308057,0.0540284360189573,1,0,0,0,10.4902181043916,93.1077694235589,61,12.2399908637336,206.9,NA,NA
"36093032601","Census Tract 326.01, Schenectady County, New York","B01001_001",1910,177,2.05128205128205,2.15384615384615,95.7948717948718,1910,1855,17,26,1910,12,0.971204188481675,0.00890052356020942,0.0136125654450262,0.00628272251308901,1,0,0,0,10.5619397632992,83.8095238095238,41,12.4525420221479,255.9,888,6.78897174299217
"36093032602","Census Tract 326.02, Schenectady County, New York","B01001_001",4248,439,1.35523613963039,4.2299794661191,94.4147843942505,4248,4119,21,100,4248,85,0.969632768361582,0.00494350282485876,0.0235404896421846,0.0200094161958569,1,0,0,0,10.4440661344515,63.4415186772811,41,12.1079083967429,181.3,991,6.89871453432999
"36093032700","Census Tract 327, Schenectady County, New York","B01001_001",3919,378,4.83116883116883,4.1038961038961,91.0649350649351,3919,3428,219,57,3919,227,0.874712936973718,0.0558816024496045,0.0145445266649656,0.0579229395253891,1,0,0,0,10.3611971691509,74.3820224719101,65,11.8614674256788,141.7,918,6.82219739062049
"36093032901","Census Tract 329.01, Schenectady County, New York","B01001_001",4291,337,3.1924882629108,1.54929577464789,95.2582159624413,4291,3852,143,136,4291,142,0.897692845490562,0.0333255651363319,0.0316942437660219,0.0330925192262876,1,0,0,0,10.5052045164902,86.7250673854447,62,12.0051797031508,163.6,968,6.87523208727658
"36093032902","Census Tract 329.02, Schenectady County, New York","B01001_001",4434,386,2.74473924977127,1.18938700823422,96.0658737419945,4434,4124,194,0,4434,281,0.930085701398286,0.0437528191249436,0,0.0633739287325214,1,0,0,0,10.3743970213853,87.8844946641557,64,11.9303191439437,151.8,850,6.74523634948436
"36093033002","Census Tract 330.02, Schenectady County, New York","B01001_001",2329,163,0.308166409861325,1.07858243451464,98.613251155624,2329,2294,0,32,2329,56,0.984972091026192,0,0.0137398024903392,0.0240446543580936,1,0,0,0,10.6440191477577,92.1694480102696,42,12.3462692760235,230.1,1313,7.1800698743028
"36093033003","Census Tract 330.03, Schenectady County, New York","B01001_001",3454,333,3.02445302445302,3.86100386100386,93.1145431145431,3454,3102,29,23,3454,151,0.898089171974522,0.00839606253618993,0.00665894614939201,0.0437174290677475,1,0,0,0,10.2588516376748,79.8994974874372,56,12.1023774091914,180.3,763,6.63725803128446
"36093033004","Census Tract 330.04, Schenectady County, New York","B01001_001",2596,290,1.01010101010101,5.28360528360528,93.7062937062937,2596,2392,0,146,2596,82,0.921417565485362,0,0.0562403697996918,0.0315870570107858,1,0,0,0,10.3153653884165,77.3700305810398,66,11.9453570213082,154.1,983,6.89060912014717
"36093033101","Census Tract 331.01, Schenectady County, New York","B01001_001",1953,264,1.0566762728146,4.41882804995197,94.5244956772334,1953,1946,7,0,1953,29,0.996415770609319,0.003584229390681,0,0.0148489503328213,1,0,0,0,10.57691660223,90.5633802816901,42,12.2779280826306,214.9,864,6.76157276880406
"36093033102","Census Tract 331.02, Schenectady County, New York","B01001_001",6407,268,0.859916782246879,3.02357836338419,96.1165048543689,6407,6096,14,138,6407,195,0.951459341345403,0.00218511003589824,0.0215389417824255,0.0304354612142969,1,0,0,0,10.3786652730556,85.1011346817958,48,12.2045715194039,199.7,1147,7.04490511712937
"36093033200","Census Tract 332, Schenectady County, New York","B01001_001",3220,354,7.29550478997789,6.63227708179808,86.072218128224,3220,2611,140,177,3220,171,0.810869565217391,0.0434782608695652,0.0549689440993789,0.0531055900621118,1,0,0,0,10.1994725600255,71.7481358740679,79,11.4317154095447,92.2,748,6.61740297797448
"36093033300","Census Tract 333, Schenectady County, New York","B01001_001",2083,295,3.50877192982456,2.24171539961014,94.2495126705653,2083,1960,35,3,2083,114,0.940950552088334,0.0168026884301488,0.0014402304368699,0.0547287566010562,1,0,0,0,10.1616506969514,73.3333333333333,73,11.8851784388723,145.1,784,6.66440902035041
"36093033400","Census Tract 334, Schenectady County, New York","B01001_001",2990,308,7.19794344473008,6.94087403598972,85.8611825192802,2990,2331,273,174,2990,251,0.779598662207358,0.091304347826087,0.0581939799331104,0.0839464882943144,1,0,0,0,9.12019682212322,49.5652173913044,79,11.8415095287424,138.9,704,6.55677835615804
"36093033500","Census Tract 335, Schenectady County, New York","B01001_001",1959,279,4.85232067510549,10.8649789029536,84.2827004219409,1959,1555,266,6,1959,185,0.793772332822869,0.135783563042369,0.00306278713629403,0.0944359367023992,1,0,0,0,10.2794895204937,24.8281786941581,79,11.8817265887068,144.6,745,6.61338421837956
"36095740100","Census Tract 7401, Schoharie County, New York","B01001_001",4877,261,4.33249370277078,2.61964735516373,93.0478589420655,4877,4713,38,18,4877,122,0.966372770145581,0.00779167521017019,0.00369079352060693,0.0250153783063359,1,0,0,0,10.3127122511854,77.7609682299546,44,11.878956503833,144.2,754,6.62539236800796
"36095740200","Census Tract 7402, Schoharie County, New York","B01001_001",5223,246,8.58895705521472,4.16301489921122,87.2480280455741,5223,5014,83,0,5223,127,0.959984683132299,0.0158912502393261,0,0.0243155274746314,1,0,0,0,10.0989720958564,51.4745308310992,50,11.8858673813728,145.2,738,6.60394382460047
"36095740300","Census Tract 7403, Schoharie County, New York","B01001_001",1257,246,NA,NA,NA,1257,907,260,3,1257,172,0.721559268098648,0.20684168655529,0.00238663484486874,0.136833731105807,1,0,0,0,8.22469956196723,NA,NA,NA,NA,NA,NA
"36095740400","Census Tract 7404, Schoharie County, New York","B01001_001",5508,268,10.6077765194413,6.22876557191393,83.1634579086448,5508,5265,32,146,5508,116,0.955882352941177,0.00580973129992738,0.0265068990559187,0.0210602759622367,1,0,0,0,10.1867850266701,78.0855199222546,51,11.8761787242691,143.8,783,6.6631326959908
"36095740500","Census Tract 7405, Schoharie County, New York","B01001_001",3584,262,7.80550223928343,2.75111964171465,89.4433781190019,3584,3436,27,35,3584,80,0.958705357142857,0.00753348214285714,0.009765625,0.0223214285714286,1,0,0,0,10.2053683443877,77.080394922426,45,11.9466540383513,154.3,735,6.59987049921284
"36095740600","Census Tract 7406, Schoharie County, New York","B01001_001",3014,191,6.78694158075601,8.33333333333333,84.8797250859106,3014,2942,11,11,3014,57,0.976111479761115,0.00364963503649635,0.00364963503649635,0.0189117451891175,1,0,0,0,10.1954479598475,82.7697262479871,43,11.9421070996957,153.6,656,6.48616078894409
"36095740700","Census Tract 7407, Schoharie County, New York","B01001_001",5291,244,9.61619569801771,4.89245044285112,85.4913538591312,5291,5198,32,39,5291,138,0.982422982422982,0.00604800604800605,0.00737100737100737,0.0260820260820261,1,0,0,0,10.1704565833904,80.2227171492205,49,11.7798944958245,130.6,718,6.57646956904822
"36095740800","Census Tract 7408, Schoharie County, New York","B01001_001",2913,216,5.99500416319734,2.99750208159867,91.007493755204,2913,2847,5,6,2913,131,0.977342945417096,0.0017164435290079,0.00205973223480947,0.0449708204600069,1,0,0,0,10.2034069426524,89.4869638351556,38,11.8614674256788,141.7,845,6.73933662735717
