"st","cty","GEOID","NAME","popData","incomeData","povUniverse","pov100","pov149","pov150","racUniverse","racWhite","racBlack","racAsian","hispUniverse","hisp","medRent","medValue","medAge","tenureUniverse","tenureOwn","city","logInc","thouInc","pct100","pct149","pct150","pctWht","pctBlk","pctAsn","pctHisp","pluWht","pluBlk","pluAsn","pluHisp","logMedRent","hunMedRent","logHousVal","thouHousVal","pctOwn"
1,115,"01115040205","Census Tract 402.05, St. Clair County, Alabama",5775,30207,2434,96,18,2320,5775,5238,407,23,5775,33,539,196600,27,2341,2081,"BIRMINGHAM, AL",10.3158289645837,30.207,3.94412489728841,3.94412489728841,3.94412489728841,90.7012987012987,7.04761904761905,0.398268398268398,0.571428571428571,1,0,0,0,6.289715570909,5.39,12.1889264866952,196.6,88.8936351986331
1,115,"01115040300","Census Tract 403, St. Clair County, Alabama",5740,21722,2172,248,197,1727,5740,5150,455,1,5740,0,626,111800,27,2179,1760,"BIRMINGHAM, AL",9.98608085083998,21.722,11.4180478821363,11.4180478821363,11.4180478821363,89.7212543554007,7.92682926829268,0.0174216027874564,0,1,0,0,0,6.4393503711001,6.26,11.6244668397031,111.8,80.770995869665
1,115,"01115040201","Census Tract 402.01, St. Clair County, Alabama",5250,20976,2054,170,242,1642,5250,4960,44,160,5250,102,624,118400,33,1900,1560,"BIRMINGHAM, AL",9.95113420600348,20.976,8.27653359298929,8.27653359298929,8.27653359298929,94.4761904761905,0.838095238095238,3.04761904761905,1.94285714285714,1,0,0,0,6.43615036836943,6.24,11.681824001432,118.4,82.1052631578947
1,115,"01115040105","Census Tract 401.05, St. Clair County, Alabama",4490,19297,1607,211,93,1303,4490,4186,184,5,4490,431,770,116500,30,1581,1243,"BIRMINGHAM, AL",9.86770492239636,19.297,13.1300560049782,13.1300560049782,13.1300560049782,93.2293986636971,4.09799554565702,0.111358574610245,9.59910913140312,1,0,0,0,6.64639051484773,7.7,11.6656465519879,116.5,78.6211258697027
1,115,"01115040106","Census Tract 401.06, St. Clair County, Alabama",6424,35012,3150,237,219,2694,6424,5527,662,166,6424,23,797,150500,20,2650,2120,"BIRMINGHAM, AL",10.4634461388523,35.012,7.52380952380952,7.52380952380952,7.52380952380952,86.0367372353674,10.3051058530511,2.5840597758406,0.358032378580324,1,0,0,0,6.68085467879022,7.97,11.9217183631711,150.5,80
1,115,"01115040204","Census Tract 402.04, St. Clair County, Alabama",7081,26806,3164,209,216,2739,7081,6006,918,139,7081,46,790,164600,24,2819,1986,"BIRMINGHAM, AL",10.1963810220384,26.806,6.60556257901391,6.60556257901391,6.60556257901391,84.8185284564327,12.964270583251,1.96299957633103,0.649625759073577,1,0,0,0,6.67203294546107,7.9,12.0112735672251,164.6,70.4505143667967
1,115,"01115040103","Census Tract 401.03, St. Clair County, Alabama",9284,28726,4612,201,172,4239,9284,7894,1055,98,9284,125,889,151700,18,3330,3067,"BIRMINGHAM, AL",10.2655579149918,28.726,4.35819601040763,4.35819601040763,4.35819601040763,85.0280051701853,11.3636363636364,1.05557949159845,1.34640241275312,1,0,0,0,6.7900972355139,8.89,11.9296601653366,151.7,92.1021021021021
1,115,"01115040501","Census Tract 405.01, St. Clair County, Alabama",11697,29904,5158,157,34,4967,11697,11435,196,13,11697,197,619,164800,23,4082,3660,"BIRMINGHAM, AL",10.3057475296953,29.904,3.04381543233812,3.04381543233812,3.04381543233812,97.7601094297683,1.67564332734889,0.11113960844661,1.68419252799863,1,0,0,0,6.4281052726846,6.19,12.0124878964575,164.8,89.6619304262616
1,115,"01115040104","Census Tract 401.04, St. Clair County, Alabama",5001,33953,2519,35,99,2385,5001,4469,452,0,5001,36,746,142400,22,2165,1752,"BIRMINGHAM, AL",10.4327324943259,33.953,1.38944025406908,1.38944025406908,1.38944025406908,89.3621275744851,9.03819236152769,0,0.719856028794241,1,0,0,0,6.61472560020376,7.46,11.86639527796,142.4,80.9237875288684
1,115,"01115040401","Census Tract 404.01, St. Clair County, Alabama",5411,20856,2096,316,116,1664,5411,4270,858,49,5411,134,617,90100,32,1860,1467,"BIRMINGHAM, AL",9.94539695561334,20.856,15.0763358778626,15.0763358778626,15.0763358778626,78.9133247089263,15.8565884309739,0.905562742561449,2.47643688782111,1,0,0,0,6.42486902390539,6.17,11.4086754435964,90.1,78.8709677419355
1,115,"01115040502","Census Tract 405.02, St. Clair County, Alabama",10053,25419,3990,258,481,3251,10053,7517,1983,29,10053,499,730,128300,21,2822,2473,"BIRMINGHAM, AL",10.1432522048666,25.419,6.46616541353383,6.46616541353383,6.46616541353383,74.7736993932159,19.7254550880334,0.288471103153288,4.96369243012036,1,0,0,0,6.59304453414244,7.3,11.7621265506037,128.3,87.6328844790928
1,115,"01115040402","Census Tract 404.02, St. Clair County, Alabama",3764,23875,1692,182,60,1450,3764,3612,28,0,3764,204,573,96900,34,1406,1164,"BIRMINGHAM, AL",10.0805871653489,23.875,10.7565011820331,10.7565011820331,10.7565011820331,95.96174282678,0.743889479277364,0,5.41976620616366,1,0,0,0,6.35088571671474,5.73,11.4814347978789,96.9,82.7880512091038
1,115,"01115040203","Census Tract 402.03, St. Clair County, Alabama",6606,21372,2965,322,294,2349,6606,5474,914,58,6606,131,688,126800,27,2697,1476,"BIRMINGHAM, AL",9.96983693307766,21.372,10.8600337268128,10.8600337268128,10.8600337268128,82.8640629730548,13.8359067514381,0.877989706327581,1.98304571601574,1,0,0,0,6.53378883793334,6.88,11.7503663209853,126.8,54.7274749721913
1,117,"01117030408","Census Tract 304.08, Shelby County, Alabama",2896,22279,1102,63,85,954,2896,2296,481,0,2896,59,718,84000,39,1194,914,"BIRMINGHAM, AL",10.0113998097305,22.279,5.71687840290381,5.71687840290381,5.71687840290381,79.2817679558011,16.6091160220994,0,2.03729281767956,1,0,0,0,6.57646956904822,7.18,11.3385720778255,84,76.5494137353434
1,117,"01117030501","Census Tract 305.01, Shelby County, Alabama",7293,28771,3331,169,351,2811,7293,5169,1653,26,7293,634,632,140100,24,2584,2032,"BIRMINGHAM, AL",10.2671232143705,28.771,5.07355148604023,5.07355148604023,5.07355148604023,70.8761826408885,22.6655697243933,0.35650623885918,8.69326751679693,1,0,0,0,6.44888939414686,6.32,11.8501117323251,140.1,78.6377708978328
1,117,"01117030216","Census Tract 302.16, Shelby County, Alabama",7059,47179,3468,82,50,3336,7059,5745,719,426,7059,53,1049,372500,18,2668,2327,"BIRMINGHAM, AL",10.7617041573153,47.179,2.36447520184544,2.36447520184544,2.36447520184544,81.3854653633659,10.185578693866,6.03484912877178,0.750814562969259,1,0,0,0,6.9555926083963,10.49,12.8279923168018,372.5,87.2188905547226
1,117,"01117030407","Census Tract 304.07, Shelby County, Alabama",2246,5532,530,188,37,305,2246,1730,480,9,2246,96,744,146400,25,553,144,"BIRMINGHAM, AL",8.61830469278465,5.532,35.4716981132075,35.4716981132075,35.4716981132075,77.0258236865539,21.3713268032057,0.400712377560107,4.27426536064114,1,0,0,0,6.61204103483309,7.44,11.8940978805093,146.4,26.0397830018083
1,117,"01117030704","Census Tract 307.04, Shelby County, Alabama",3997,24068,1605,101,94,1410,3997,3494,420,21,3997,82,592,156300,35,1508,1351,"BIRMINGHAM, AL",10.0886384363402,24.068,6.29283489096573,6.29283489096573,6.29283489096573,87.4155616712534,10.507880910683,0.525394045534151,2.05153865399049,1,0,0,0,6.38350663488401,5.92,11.9595325164096,156.3,89.5888594164456
1,117,"01117030211","Census Tract 302.11, Shelby County, Alabama",3160,54278,1447,0,29,1418,3160,2750,254,11,3160,12,2076,297400,16,1040,971,"BIRMINGHAM, AL",10.9018742672862,54.278,0,0,0,87.0253164556962,8.0379746835443,0.348101265822785,0.379746835443038,1,0,0,0,7.63819824428578,20.76,12.6028333130082,297.4,93.3653846153846
1,117,"01117030215","Census Tract 302.15, Shelby County, Alabama",4205,41144,2264,42,83,2139,4205,3550,430,81,4205,126,1571,167600,15,1624,1490,"BIRMINGHAM, AL",10.6248333874548,41.144,1.85512367491166,1.85512367491166,1.85512367491166,84.423305588585,10.2259215219976,1.92627824019025,2.99643281807372,1,0,0,0,7.35946763825562,15.71,12.0293354670301,167.6,91.7487684729064
1,117,"01117030703","Census Tract 307.03, Shelby County, Alabama",3808,18412,1319,126,200,993,3808,3008,607,0,3808,162,533,118000,38,1510,1098,"BIRMINGHAM, AL",9.82075790493713,18.412,9.55269143290371,9.55269143290371,9.55269143290371,78.9915966386555,15.9401260504202,0,4.25420168067227,1,0,0,0,6.27852142416584,5.33,11.6784399034478,118,72.7152317880795
1,117,"01117030604","Census Tract 306.04, Shelby County, Alabama",7148,33863,3525,179,129,3217,7148,5326,975,0,7148,937,868,225000,23,2324,2132,"BIRMINGHAM, AL",10.4300782518805,33.863,5.07801418439716,5.07801418439716,5.07801418439716,74.5103525461668,13.6401790710688,0,13.1085618354785,1,0,0,0,6.76619171466035,8.68,12.3238556811866,225,91.7383820998279
1,117,"01117030319","Census Tract 303.19, Shelby County, Alabama",2532,18750,1077,104,58,915,2532,1136,876,0,2532,521,762,125300,30,803,530,"BIRMINGHAM, AL",9.83894903139856,18.75,9.65645311049211,9.65645311049211,9.65645311049211,44.8657187993681,34.5971563981043,0,20.5766192733017,1,0,0,0,6.63594655568665,7.62,11.7384661408842,125.3,66.0024906600249
1,117,"01117030214","Census Tract 302.14, Shelby County, Alabama",8493,33704,3967,45,90,3832,8493,7906,428,0,8493,186,1358,229600,17,2719,2480,"BIRMINGHAM, AL",10.4253718036589,33.704,1.1343584572725,1.1343584572725,1.1343584572725,93.0884257623926,5.0394442482044,0,2.19003885552808,1,0,0,0,7.21376830811864,13.58,12.3440939434275,229.6,91.2100036778227
1,117,"01117030701","Census Tract 307.01, Shelby County, Alabama",4558,21250,1550,121,26,1403,4558,3629,850,6,4558,66,651,204000,24,1313,974,"BIRMINGHAM, AL",9.96411217435256,21.25,7.80645161290323,7.80645161290323,7.80645161290323,79.6182536200088,18.6485300570426,0.131636682755595,1.44800351031154,1,0,0,0,6.47850964220857,6.51,12.2258752728264,204,74.1812642802742
1,117,"01117030342","Census Tract 303.42, Shelby County, Alabama",2443,46154,1166,4,0,1162,2443,2152,57,126,2443,94,1406,319000,27,733,673,"BIRMINGHAM, AL",10.7397389100645,46.154,0.343053173241852,0.343053173241852,0.343053173241852,88.0884158821122,2.33319688907081,5.15759312320917,3.84772820302906,1,0,0,0,7.24850407237061,14.06,12.672946381767,319,91.8144611186903
1,117,"01117030607","Census Tract 306.07, Shelby County, Alabama",6143,33499,2848,130,259,2459,6143,4797,731,212,6143,338,986,175700,22,2096,1657,"BIRMINGHAM, AL",10.4192708666213,33.499,4.56460674157303,4.56460674157303,4.56460674157303,78.088881653915,11.8997232622497,3.45108253296435,5.50219762331109,1,0,0,0,6.89365635460264,9.86,12.0765332741752,175.7,79.0553435114504
1,117,"01117030331","Census Tract 303.31, Shelby County, Alabama",4320,41994,2305,82,69,2154,4320,3948,109,101,4320,243,1654,246700,32,1429,1332,"BIRMINGHAM, AL",10.6452820299176,41.994,3.55748373101952,3.55748373101952,3.55748373101952,91.3888888888889,2.52314814814815,2.33796296296296,5.625,1,0,0,0,7.41095187558364,16.54,12.4159283025174,246.7,93.2120363890833
1,117,"01117030317","Census Tract 303.17, Shelby County, Alabama",4077,37198,2082,40,75,1967,4077,3535,296,33,4077,123,1250,141300,23,1518,1329,"BIRMINGHAM, AL",10.5240102753751,37.198,1.92122958693564,1.92122958693564,1.92122958693564,86.7059112092225,7.26024037282315,0.809418690213392,3.01692420897719,1,0,0,0,7.13089883029635,12.5,11.8586405686726,141.3,87.5494071146245
1,117,"01117030212","Census Tract 302.12, Shelby County, Alabama",3293,29909,2256,334,134,1788,3293,1773,1041,222,3293,330,965,224600,26,1877,270,"BIRMINGHAM, AL",10.3059147174308,29.909,14.8049645390071,14.8049645390071,14.8049645390071,53.8414819313696,31.6125113877923,6.74157303370786,10.0212572122684,1,0,0,0,6.87212810133899,9.65,12.3220763212865,224.6,14.3846563665424
1,117,"01117030502","Census Tract 305.02, Shelby County, Alabama",2572,37150,1278,15,43,1220,2572,2020,490,32,2572,52,792,162200,18,854,777,"BIRMINGHAM, AL",10.5227190501459,37.15,1.17370892018779,1.17370892018779,1.17370892018779,78.5381026438569,19.0513219284603,1.24416796267496,2.02177293934681,1,0,0,0,6.67456139181443,7.92,11.9965854206635,162.2,90.983606557377
1,117,"01117030217","Census Tract 302.17, Shelby County, Alabama",5666,45217,2371,94,81,2196,5666,5032,354,205,5666,110,1737,502600,18,2183,1814,"BIRMINGHAM, AL",10.7192284013048,45.217,3.96457191058625,3.96457191058625,3.96457191058625,88.8104482880339,6.24779385810095,3.61807271443699,1.94140487116131,1,0,0,0,7.4599147662411,17.37,13.1275499040916,502.6,83.0966559780119
1,117,"01117030341","Census Tract 303.41, Shelby County, Alabama",2347,35723,1179,122,87,970,2347,1509,382,4,2347,463,947,149900,17,981,535,"BIRMINGHAM, AL",10.4835500180259,35.723,10.3477523324852,10.3477523324852,10.3477523324852,64.2948444823178,16.2760971452919,0.170430336599915,19.7273114614401,1,0,0,0,6.85329909318608,9.47,11.9177236840907,149.9,54.5361875637105
1,117,"01117030330","Census Tract 303.30, Shelby County, Alabama",5322,45470,2672,194,108,2370,5322,4980,141,159,5322,135,1166,293300,30,2088,1501,"BIRMINGHAM, AL",10.7248080468191,45.47,7.26047904191617,7.26047904191617,7.26047904191617,93.5738444193912,2.64937993235626,2.98759864712514,2.53664036076663,1,0,0,0,7.06133436691044,11.66,12.5889512549655,293.3,71.8869731800766
1,117,"01117030608","Census Tract 306.08, Shelby County, Alabama",3400,36784,1736,9,53,1674,3400,2734,509,49,3400,44,983,210200,21,1304,1045,"BIRMINGHAM, AL",10.512818247003,36.784,0.518433179723502,0.518433179723502,0.518433179723502,80.4117647058823,14.9705882352941,1.44117647058824,1.29411764705882,1,0,0,0,6.89060912014717,9.83,12.255814737425,210.2,80.1380368098159
1,117,"01117030609","Census Tract 306.09, Shelby County, Alabama",7222,39414,3856,41,336,3479,7222,5652,1059,173,7222,254,1134,227800,14,2761,2360,"BIRMINGHAM, AL",10.5818763621205,39.414,1.06327800829876,1.06327800829876,1.06327800829876,78.2608695652174,14.6635281085572,2.39545832179452,3.51703129327056,1,0,0,0,7.0335064842877,11.34,12.3362233299952,227.8,85.4762767113365
1,117,"01117030605","Census Tract 306.05, Shelby County, Alabama",7726,30983,3970,260,109,3601,7726,6096,1062,0,7726,669,1093,146300,15,2889,2409,"BIRMINGHAM, AL",10.3411939459513,30.983,6.54911838790932,6.54911838790932,6.54911838790932,78.9024074553456,13.7457934247994,0,8.65907325912503,1,0,0,0,6.99668148817654,10.93,11.8934145870082,146.3,83.3852544132918
1,117,"01117030333","Census Tract 303.33, Shelby County, Alabama",5110,52748,2457,19,47,2391,5110,3991,452,626,5110,78,1462,319400,26,2031,1871,"BIRMINGHAM, AL",10.8732811359276,52.748,0.773300773300773,0.773300773300773,0.773300773300773,78.1017612524462,8.8454011741683,12.2504892367906,1.52641878669276,1,0,0,0,7.28756064030972,14.62,12.674199514763,319.4,92.1221073362875
1,117,"01117030316","Census Tract 303.16, Shelby County, Alabama",5958,28814,3017,74,243,2700,5958,4502,698,278,5958,888,1007,135200,34,2063,1697,"BIRMINGHAM, AL",10.2686166591214,28.814,2.45276764998343,2.45276764998343,2.45276764998343,75.5622692178583,11.7153407183619,4.66599530043639,14.9043303121853,1,0,0,0,6.91473089271856,10.07,11.814510442591,135.2,82.2588463402811
1,117,"01117030332","Census Tract 303.32, Shelby County, Alabama",1191,40483,642,11,4,627,1191,1067,90,34,1191,0,1464,184900,28,455,410,"BIRMINGHAM, AL",10.6086374118872,40.483,1.71339563862928,1.71339563862928,1.71339563862928,89.5885810243493,7.55667506297229,2.85474391267842,0,1,0,0,0,7.28892769452126,14.64,12.1275704173752,184.9,90.1098901098901
1,117,"01117030337","Census Tract 303.37, Shelby County, Alabama",1794,29276,905,105,27,773,1794,1286,210,0,1794,276,644,NA,18,630,548,"BIRMINGHAM, AL",10.2845233467211,29.276,11.6022099447514,11.6022099447514,11.6022099447514,71.6833890746934,11.7056856187291,0,15.3846153846154,1,0,0,0,6.46769872610435,6.44,NA,NA,86.984126984127
1,117,"01117030406","Census Tract 304.06, Shelby County, Alabama",3438,21326,1611,235,92,1284,3438,2794,255,0,3438,674,752,153000,34,1233,795,"BIRMINGHAM, AL",9.96768226457812,21.326,14.5872129112353,14.5872129112353,14.5872129112353,81.2681791739383,7.41710296684119,0,19.6044211751018,1,0,0,0,6.62273632394984,7.52,11.9381932003746,153,64.4768856447689
1,117,"01117030336","Census Tract 303.36, Shelby County, Alabama",6515,56978,3274,69,28,3177,6515,5252,638,286,6515,236,1703,209200,15,2202,2143,"BIRMINGHAM, AL",10.9504205074008,56.978,2.10751374465486,2.10751374465486,2.10751374465486,80.6139677666923,9.79278587874137,4.38986953184958,3.62240982348427,1,0,0,0,7.44014668066269,17.03,12.2510460111729,209.2,97.3206176203451
1,117,"01117030320","Census Tract 303.20, Shelby County, Alabama",5514,31016,2864,116,70,2678,5514,4599,541,14,5514,329,1024,153100,31,1947,1678,"BIRMINGHAM, AL",10.3422584793508,31.016,4.05027932960894,4.05027932960894,4.05027932960894,83.4058759521219,9.8113891911498,0.253899165759884,5.96663039535727,1,0,0,0,6.93147180559945,10.24,11.9388465816458,153.1,86.1838726245506
1,117,"01117030306","Census Tract 303.06, Shelby County, Alabama",3621,28578,1852,141,21,1690,3621,3172,201,31,3621,153,836,136700,31,1265,1204,"BIRMINGHAM, AL",10.2603924700289,28.578,7.6133909287257,7.6133909287257,7.6133909287257,87.6001104667219,5.55095277547639,0.856117094725214,4.22535211267606,1,0,0,0,6.7286286130847,8.36,11.825544022712,136.7,95.1778656126482
1,117,"01117030344","Census Tract 303.44, Shelby County, Alabama",3068,37739,1816,40,144,1632,3068,2679,236,59,3068,200,918,212000,17,1372,897,"BIRMINGHAM, AL",10.5384493214862,37.739,2.20264317180617,2.20264317180617,2.20264317180617,87.3207301173403,7.69230769230769,1.92307692307692,6.51890482398957,1,0,0,0,6.82219739062049,9.18,12.2643415536542,212,65.3790087463557
1,117,"01117030103","Census Tract 301.03, Shelby County, Alabama",1043,34408,430,6,11,413,1043,818,48,0,1043,3,179,190800,29,376,315,"BIRMINGHAM, AL",10.4460443744636,34.408,1.3953488372093,1.3953488372093,1.3953488372093,78.4276126558006,4.60210930009588,0,0.287631831255992,1,0,0,0,5.18738580584075,1.79,12.1589810379963,190.8,83.7765957446808
1,117,"01117030213","Census Tract 302.13, Shelby County, Alabama",4617,34364,2662,262,93,2307,4617,3476,723,120,4617,354,985,365600,24,1877,1183,"BIRMINGHAM, AL",10.4447647837579,34.364,9.84222389181067,9.84222389181067,9.84222389181067,75.2869828893221,15.6595191682911,2.59909031838856,7.66731643924626,1,0,0,0,6.89264164117209,9.85,12.8092951185621,365.6,63.02610548748
1,117,"01117030345","Census Tract 303.45, Shelby County, Alabama",2935,41851,1465,11,44,1410,2935,2535,105,7,2935,256,1082,248700,25,1026,923,"BIRMINGHAM, AL",10.6418709704947,41.851,0.750853242320819,0.750853242320819,0.750853242320819,86.3713798977853,3.57751277683135,0.238500851788756,8.72231686541738,1,0,0,0,6.98656645940643,10.82,12.4240026297915,248.7,89.9610136452242
1,117,"01117030334","Census Tract 303.34, Shelby County, Alabama",4001,47670,2049,12,56,1981,4001,3572,332,0,4001,52,1107,266700,23,1401,1320,"BIRMINGHAM, AL",10.7720575481989,47.67,0.585651537335286,0.585651537335286,0.585651537335286,89.277680579855,8.29792551862034,0,1.29967508122969,1,0,0,0,7.00940893270864,11.07,12.4938797101701,266.7,94.2184154175589
1,117,"01117030340","Census Tract 303.40, Shelby County, Alabama",5980,35447,3081,93,123,2865,5980,5034,739,19,5980,191,934,164400,26,2015,1775,"BIRMINGHAM, AL",10.4757939021451,35.447,3.01850048685492,3.01850048685492,3.01850048685492,84.180602006689,12.3578595317726,0.317725752508361,3.19397993311037,1,0,0,0,6.83947643822884,9.34,12.0100577616042,164.4,88.0893300248139
1,117,"01117030405","Census Tract 304.05, Shelby County, Alabama",1359,16171,521,26,73,422,1359,752,583,8,1359,15,686,85900,41,505,337,"BIRMINGHAM, AL",9.69097479357794,16.171,4.99040307101727,4.99040307101727,4.99040307101727,55.3348050036792,42.8991905813098,0.588668138337012,1.1037527593819,1,0,0,0,6.53087762772588,6.86,11.3609391079723,85.9,66.7326732673267
1,117,"01117030800","Census Tract 308, Shelby County, Alabama",4038,28848,1751,113,65,1573,4038,3641,339,14,4038,60,975,152300,28,1565,1268,"BIRMINGHAM, AL",10.2697959454431,28.848,6.45345516847516,6.45345516847516,6.45345516847516,90.1684001981179,8.39524517087667,0.346706290242694,1.48588410104012,1,0,0,0,6.88243747099785,9.75,11.9336075388833,152.3,81.0223642172524
1,117,"01117030102","Census Tract 301.02, Shelby County, Alabama",4169,21266,1694,125,133,1436,4169,2922,1140,0,4169,42,589,93500,31,1502,1226,"BIRMINGHAM, AL",9.96486483221103,21.266,7.37898465171192,7.37898465171192,7.37898465171192,70.0887502998321,27.3446869752938,0,1.00743583593188,1,0,0,0,6.37842618365159,5.89,11.4457167152768,93.5,81.624500665779
1,117,"01117030305","Census Tract 303.05, Shelby County, Alabama",4142,38715,1906,25,19,1862,4142,3916,11,172,4142,14,NA,266900,36,1364,1344,"BIRMINGHAM, AL",10.5639824008208,38.715,1.31164742917104,1.31164742917104,1.31164742917104,94.543698696282,0.265572187349107,4.15258329309512,0.338000965717045,1,0,0,0,NA,NA,12.4946293353926,266.9,98.533724340176
1,117,"01117030304","Census Tract 303.04, Shelby County, Alabama",6028,40857,3320,217,70,3033,6028,5518,312,138,6028,139,NA,296100,28,2174,2096,"BIRMINGHAM, AL",10.6178334442371,40.857,6.53614457831325,6.53614457831325,6.53614457831325,91.5394824153948,5.17584605175846,2.28931652289317,2.30590577305906,1,0,0,0,NA,NA,12.5984525140897,296.1,96.4121435142594
1,117,"01117030303","Census Tract 303.03, Shelby County, Alabama",7890,43594,4241,371,181,3689,7890,6911,443,282,7890,269,1075,293300,22,3530,2079,"BIRMINGHAM, AL",10.6826748051885,43.594,8.74793680735675,8.74793680735675,8.74793680735675,87.5918884664132,5.61470215462611,3.57414448669202,3.40937896070976,1,0,0,0,6.98007594056176,10.75,12.5889512549655,293.3,58.8951841359773
1,117,"01117030315","Census Tract 303.15, Shelby County, Alabama",5640,31257,3186,160,425,2601,5640,3978,527,0,5640,1502,912,129600,24,2201,1544,"BIRMINGHAM, AL",10.3499986300803,31.257,5.02197112366604,5.02197112366604,5.02197112366604,70.531914893617,9.34397163120567,0,26.6312056737589,1,0,0,0,6.81563999007433,9.12,11.7722080629003,129.6,70.1499318491595
1,117,"01117030314","Census Tract 303.14, Shelby County, Alabama",3469,34326,2116,135,41,1940,3469,2556,799,95,3469,321,948,226100,31,1648,564,"BIRMINGHAM, AL",10.4436583634966,34.326,6.37996219281663,6.37996219281663,6.37996219281663,73.68117613145,23.0325742288844,2.73854136638801,9.25338714326895,1,0,0,0,6.85435450225502,9.48,12.3287326582661,226.1,34.2233009708738
1,117,"01117030900","Census Tract 309, Shelby County, Alabama",2505,22479,989,23,192,774,2505,2319,72,9,2505,20,688,81100,32,1007,862,"BIRMINGHAM, AL",10.0203368190324,22.479,2.32558139534884,2.32558139534884,2.32558139534884,92.5748502994012,2.87425149700599,0.359281437125749,0.798403193612774,1,0,0,0,6.53378883793334,6.88,11.3034382401035,81.1,85.6007944389275
1,73,"01073001600","Census Tract 16, Jefferson County, Alabama",3212,12993,832,107,27,698,3212,432,2647,4,3212,116,629,64100,68,970,537,"BIRMINGHAM, AL",9.47216602988274,12.993,12.8605769230769,12.8605769230769,12.8605769230769,13.4495641344956,82.4097135740971,0.12453300124533,3.61145703611457,0,1,0,0,6.44413125670044,6.29,11.0681996429088,64.1,55.360824742268
1,73,"01073005908","Census Tract 59.08, Jefferson County, Alabama",3829,19268,1576,216,245,1115,3829,957,2843,6,3829,117,752,89000,46,1491,766,"BIRMINGHAM, AL",9.86620096775011,19.268,13.7055837563452,13.7055837563452,13.7055837563452,24.9934708801254,74.2491512144163,0.156698876991382,3.05562810133194,0,1,0,0,6.62273632394984,7.52,11.3963916487143,89,51.3749161636486
1,73,"01073013801","Census Tract 138.01, Jefferson County, Alabama",1963,14466,660,192,41,427,1963,312,1544,0,1963,128,782,57500,62,760,506,"BIRMINGHAM, AL",9.57955634740923,14.466,29.0909090909091,29.0909090909091,29.0909090909091,15.8940397350993,78.6551197147224,0,6.5206316861946,0,1,0,0,6.66185474054531,7.82,10.9595402267854,57.5,66.5789473684211
1,73,"01073001902","Census Tract 19.02, Jefferson County, Alabama",1856,15028,791,128,182,481,1856,158,1567,0,1856,186,795,61700,64,746,256,"BIRMINGHAM, AL",9.61767040669386,15.028,16.1820480404551,16.1820480404551,16.1820480404551,8.51293103448276,84.4288793103448,0,10.0215517241379,0,1,0,0,6.67834211465433,7.95,11.0300392098935,61.7,34.3163538873995
1,73,"01073010500","Census Tract 105, Jefferson County, Alabama",1537,15131,539,58,122,359,1537,544,954,0,1537,38,667,58600,60,582,374,"BIRMINGHAM, AL",9.62450089845157,15.131,10.760667903525,10.760667903525,10.760667903525,35.3936239427456,62.0689655172414,0,2.47234873129473,0,1,0,0,6.50279004591562,6.67,10.9784899755651,58.6,64.2611683848797
1,73,"01073011703","Census Tract 117.03, Jefferson County, Alabama",9630,30937,4786,298,217,4271,9630,7559,1597,190,9630,215,911,159800,27,4002,2892,"BIRMINGHAM, AL",10.3397081575643,30.937,6.22649394066026,6.22649394066026,6.22649394066026,78.4942886812046,16.5835929387331,1.9730010384216,2.23260643821392,1,0,0,0,6.81454289725996,9.11,11.9816783123143,159.8,72.263868065967
1,73,"01073001500","Census Tract 15, Jefferson County, Alabama",2540,12932,876,208,100,568,2540,147,2342,0,2540,38,611,56400,58,1198,373,"BIRMINGHAM, AL",9.46746013884532,12.932,23.7442922374429,23.7442922374429,23.7442922374429,5.78740157480315,92.2047244094488,0,1.49606299212598,0,1,0,0,6.4150969591716,6.11,10.9402244374862,56.4,31.135225375626
1,73,"01073005500","Census Tract 55, Jefferson County, Alabama",2303,14610,599,68,94,437,2303,498,1775,0,2303,72,585,57500,60,798,346,"BIRMINGHAM, AL",9.58946150474475,14.61,11.3522537562604,11.3522537562604,11.3522537562604,21.6239687364307,77.0733825445072,0,3.12635692574902,0,1,0,0,6.37161184723186,5.85,10.9595402267854,57.5,43.3583959899749
1,73,"01073011109","Census Tract 111.09, Jefferson County, Alabama",3713,44112,2007,52,70,1885,3713,3568,112,11,3713,14,1012,235700,27,1539,1325,"BIRMINGHAM, AL",10.6944871332636,44.112,2.5909317389138,2.5909317389138,2.5909317389138,96.0948020468624,3.01642876380285,0.296256396444923,0.377053595475357,1,0,0,0,6.91968384984741,10.12,12.3703150889242,235.7,86.0948667966212
1,73,"01073005600","Census Tract 56, Jefferson County, Alabama",4788,30185,2404,182,163,2059,4788,3837,673,0,4788,268,1127,207200,52,2404,1256,"BIRMINGHAM, AL",10.3151003912305,30.185,7.57071547420965,7.57071547420965,7.57071547420965,80.1378446115288,14.0559732664996,0,5.59732664995823,1,0,0,0,7.02731451403978,11.27,12.2414397893675,207.2,52.2462562396007
1,73,"01073011205","Census Tract 112.05, Jefferson County, Alabama",1927,31302,908,21,43,844,1927,1569,297,0,1927,42,753,146800,40,871,712,"BIRMINGHAM, AL",10.3514372722504,31.302,2.31277533039648,2.31277533039648,2.31277533039648,81.4218993253762,15.412558380903,0,2.17955371043072,1,0,0,0,6.62406522779989,7.53,11.8968263951626,146.8,81.7451205510907
1,73,"01073011704","Census Tract 117.04, Jefferson County, Alabama",3450,35450,1646,92,27,1527,3450,3331,40,0,3450,0,983,164200,31,1333,1224,"BIRMINGHAM, AL",10.4758785319603,35.45,5.58930741190765,5.58930741190765,5.58930741190765,96.5507246376812,1.15942028985507,0,0,1,0,0,0,6.89060912014717,9.83,12.0088404760005,164.2,91.8229557389347
1,73,"01073011209","Census Tract 112.09, Jefferson County, Alabama",3690,21763,1414,141,57,1216,3690,736,2557,0,3690,136,692,101400,47,1338,610,"BIRMINGHAM, AL",9.98796655911407,21.763,9.97171145685997,9.97171145685997,9.97171145685997,19.9457994579946,69.2953929539295,0,3.68563685636856,0,1,0,0,6.53958595561767,6.92,11.5268283701392,101.4,45.5904334828102
1,73,"01073011400","Census Tract 114, Jefferson County, Alabama",6811,25964,2975,156,128,2691,6811,5756,774,29,6811,144,595,109100,36,2707,2300,"BIRMINGHAM, AL",10.1644662421534,25.964,5.2436974789916,5.2436974789916,5.2436974789916,84.5103509029511,11.363970048451,0.425781823520775,2.11422698575833,1,0,0,0,6.38856140554563,5.95,11.6000201718212,109.1,84.9649057997784
1,73,"01073013601","Census Tract 136.01, Jefferson County, Alabama",3347,14415,1132,195,231,706,3347,208,2955,0,3347,97,651,66300,60,1282,778,"BIRMINGHAM, AL",9.5760246100725,14.415,17.226148409894,17.226148409894,17.226148409894,6.21452046608904,88.2880191216014,0,2.89811771735883,0,1,0,0,6.47850964220857,6.51,11.101945176174,66.3,60.6864274570983
1,73,"01073005800","Census Tract 58, Jefferson County, Alabama",3739,22603,2243,515,270,1458,3739,1460,2080,12,3739,151,768,158100,37,1998,386,"BIRMINGHAM, AL",10.0258379198136,22.603,22.9603209986625,22.9603209986625,22.9603209986625,39.0478737630382,55.6298475528216,0.320941428189355,4.03851297138272,0,1,0,0,6.64378973314767,7.68,11.9709830231976,158.1,19.3193193193193
1,73,"01073011110","Census Tract 111.10, Jefferson County, Alabama",5997,31549,2989,0,60,2929,5997,4904,972,14,5997,70,1435,139000,32,2078,1842,"BIRMINGHAM, AL",10.359297171746,31.549,0,0,0,81.7742204435551,16.208104052026,0.233450058362515,1.16725029181257,1,0,0,0,7.26892012819372,14.35,11.8422292121128,139,88.6429258902791
1,73,"01073013100","Census Tract 131, Jefferson County, Alabama",4545,16010,1437,181,223,1033,4545,27,4518,0,4545,8,493,74200,53,1824,1006,"BIRMINGHAM, AL",9.68096880599076,16.01,12.5956854558107,12.5956854558107,12.5956854558107,0.594059405940594,99.4059405940594,0,0.176017601760176,0,1,0,0,6.20050917404269,4.93,11.2145194291555,74.2,55.1535087719298
1,73,"01073002000","Census Tract 20, Jefferson County, Alabama",3498,17220,1616,483,225,908,3498,826,2633,0,3498,14,704,67800,56,1387,485,"BIRMINGHAM, AL",9.75382677798172,17.22,29.8886138613861,29.8886138613861,29.8886138613861,23.6134934248142,75.2715837621498,0,0.400228702115495,0,1,0,0,6.55677835615804,7.04,11.1243174739285,67.8,34.9675558759913
1,73,"01073011706","Census Tract 117.06, Jefferson County, Alabama",2211,22090,984,64,29,891,2211,1954,197,4,2211,72,801,107000,35,841,704,"BIRMINGHAM, AL",10.0028802964142,22.09,6.50406504065041,6.50406504065041,6.50406504065041,88.3763003165988,8.90999547715966,0.180913613749435,3.25644504748982,1,0,0,0,6.68586094706836,8.01,11.580584113444,107,83.7098692033294
1,73,"01073011208","Census Tract 112.08, Jefferson County, Alabama",3884,29023,1972,32,67,1873,3884,3061,739,40,3884,25,987,124700,38,1376,1209,"BIRMINGHAM, AL",10.2758438980765,29.023,1.62271805273834,1.62271805273834,1.62271805273834,78.8105046343975,19.0267765190525,1.02986611740474,0.643666323377961,1,0,0,0,6.89467003943348,9.87,11.7336661316681,124.7,87.8633720930232
1,73,"01073011500","Census Tract 115, Jefferson County, Alabama",5388,26079,2298,99,73,2126,5388,5307,14,17,5388,0,772,116600,32,2088,1668,"BIRMINGHAM, AL",10.1688856717472,26.079,4.30809399477807,4.30809399477807,4.30809399477807,98.4966592427617,0.259836674090572,0.315515961395694,0,1,0,0,0,6.64898455002478,7.72,11.6665045528985,116.6,79.8850574712644
1,73,"01073011904","Census Tract 119.04, Jefferson County, Alabama",2079,19066,862,37,19,806,2079,33,2041,5,2079,0,775,118100,44,841,699,"BIRMINGHAM, AL",9.85566192305352,19.066,4.292343387471,4.292343387471,4.292343387471,1.58730158730159,98.1721981721982,0.240500240500241,0,0,1,0,0,6.65286302935335,7.75,11.6792870021855,118.1,83.115338882283
1,73,"01073013902","Census Tract 139.02, Jefferson County, Alabama",2316,23180,890,40,120,730,2316,1289,995,5,2316,15,897,95600,56,869,640,"BIRMINGHAM, AL",10.0510451168937,23.18,4.49438202247191,4.49438202247191,4.49438202247191,55.6563039723662,42.9620034542314,0.215889464594128,0.647668393782383,1,0,0,0,6.7990558620588,8.97,11.4679280990395,95.6,73.6478711162255
1,73,"01073005909","Census Tract 59.09, Jefferson County, Alabama",2695,30389,1167,48,6,1113,2695,215,2421,0,2695,0,1186,100400,42,968,785,"BIRMINGHAM, AL",10.3218359798084,30.389,4.11311053984576,4.11311053984576,4.11311053984576,7.97773654916512,89.8330241187384,0,0,0,1,0,0,7.07834157955767,11.86,11.5169174862398,100.4,81.0950413223141
1,73,"01073005701","Census Tract 57.01, Jefferson County, Alabama",2445,16347,972,81,149,742,2445,22,2410,0,2445,13,793,54900,57,1032,632,"BIRMINGHAM, AL",9.70179967325121,16.347,8.33333333333333,8.33333333333333,8.33333333333333,0.899795501022495,98.5685071574642,0,0.531697341513293,0,1,0,0,6.67582322163485,7.93,10.9132686274976,54.9,61.2403100775194
1,73,"01073011108","Census Tract 111.08, Jefferson County, Alabama",4645,37301,2278,43,28,2207,4645,3710,707,57,4645,28,968,248200,26,1846,1375,"BIRMINGHAM, AL",10.526775414924,37.301,1.88762071992976,1.88762071992976,1.88762071992976,79.8708288482239,15.2206673842842,1.22712594187298,0.602798708288482,1,0,0,0,6.87523208727658,9.68,12.4219901517526,248.2,74.4853737811484
1,73,"01073010402","Census Tract 104.02, Jefferson County, Alabama",2135,27743,956,136,56,764,2135,572,1409,0,2135,137,685,145400,50,757,631,"BIRMINGHAM, AL",10.2307388351014,27.743,14.2259414225941,14.2259414225941,14.2259414225941,26.7915690866511,65.9953161592506,0,6.41686182669789,0,1,0,0,6.52941883826223,6.85,11.8872438440816,145.4,83.3553500660502
1,73,"01073011111","Census Tract 111.11, Jefferson County, Alabama",7774,36448,3931,38,153,3740,7774,5993,1089,487,7774,231,856,227000,19,2776,2429,"BIRMINGHAM, AL",10.5036418662469,36.448,0.966675146273213,0.966675146273213,0.966675146273213,77.0903010033445,14.0082325701055,6.26447131463854,2.97144327244662,1,0,0,0,6.75227037614174,8.56,12.3327052964635,227,87.5
1,73,"01073011206","Census Tract 112.06, Jefferson County, Alabama",5526,31637,2783,108,60,2615,5526,4858,613,0,5526,0,907,177300,28,2158,1870,"BIRMINGHAM, AL",10.3620826006985,31.637,3.88070427596119,3.88070427596119,3.88070427596119,87.9116901918205,11.0930148389432,0,0,1,0,0,0,6.81014245011514,9.07,12.0855984920623,177.3,86.6543095458758
1,73,"01073010603","Census Tract 106.03, Jefferson County, Alabama",2603,26563,1097,114,61,922,2603,134,2445,0,2603,0,726,123000,50,999,755,"BIRMINGHAM, AL",10.187274549019,26.563,10.3919781221513,10.3919781221513,10.3919781221513,5.14790626200538,93.9300806761429,0,0,0,1,0,0,6.5875500148248,7.26,11.7199396343546,123,75.5755755755756
1,73,"01073002305","Census Tract 23.05, Jefferson County, Alabama",3091,40115,1845,143,63,1639,3091,2188,878,13,3091,62,955,183600,72,1411,996,"BIRMINGHAM, AL",10.5995056081878,40.115,7.75067750677507,7.75067750677507,7.75067750677507,70.7861533484309,28.405046910385,0.420575865415723,2.00582335813653,1,0,0,0,6.86171134048073,9.55,12.1205147571685,183.6,70.5882352941177
1,73,"01073011600","Census Tract 116, Jefferson County, Alabama",3951,26798,1680,139,40,1501,3951,3531,276,3,3951,11,654,139700,33,1404,1194,"BIRMINGHAM, AL",10.1960825368486,26.798,8.27380952380952,8.27380952380952,8.27380952380952,89.3697798025816,6.98557327258922,0.0759301442672741,0.278410528980005,1,0,0,0,6.4831073514572,6.54,11.8472525452451,139.7,85.042735042735
1,73,"01073011301","Census Tract 113.01, Jefferson County, Alabama",3178,20253,1160,88,91,981,3178,2245,478,0,3178,413,562,118300,30,1216,904,"BIRMINGHAM, AL",9.91605820970998,20.253,7.58620689655172,7.58620689655172,7.58620689655172,70.6419131529264,15.0409062303335,0,12.9955947136564,1,0,0,0,6.33150184989369,5.62,11.6809790499665,118.3,74.3421052631579
1,73,"01073002100","Census Tract 21, Jefferson County, Alabama",2945,18426,1236,244,129,863,2945,626,2319,0,2945,0,868,61400,62,1283,600,"BIRMINGHAM, AL",9.82151798966888,18.426,19.7411003236246,19.7411003236246,19.7411003236246,21.2563667232598,78.7436332767402,0,0,0,1,0,0,6.76619171466035,8.68,11.0251651141352,61.4,46.7653936087295
1,73,"01073013400","Census Tract 134, Jefferson County, Alabama",4890,23291,2392,164,189,2039,4890,516,4149,23,4890,182,800,100400,50,1940,1146,"BIRMINGHAM, AL",10.0558222988394,23.291,6.8561872909699,6.8561872909699,6.8561872909699,10.5521472392638,84.8466257668712,0.470347648261759,3.72188139059305,0,1,0,0,6.68461172766793,8,11.5169174862398,100.4,59.0721649484536
1,73,"01073011207","Census Tract 112.07, Jefferson County, Alabama",5645,25743,2419,239,254,1926,5645,1336,3872,16,5645,366,647,120300,35,1940,1272,"BIRMINGHAM, AL",10.1559180244752,25.743,9.88011575031005,9.88011575031005,9.88011575031005,23.6669619131975,68.5916740478299,0.283436669619132,6.48361381753764,0,1,0,0,6.4723462945009,6.47,11.6977439019628,120.3,65.5670103092783
1,73,"01073011002","Census Tract 110.02, Jefferson County, Alabama",2226,18664,760,78,77,605,2226,1000,1173,0,2226,54,695,88500,46,814,466,"BIRMINGHAM, AL",9.83435181370127,18.664,10.2631578947368,10.2631578947368,10.2631578947368,44.9236298292902,52.6954177897574,0,2.42587601078167,0,1,0,0,6.54391184556479,6.95,11.390757830996,88.5,57.2481572481572
1,73,"01073011804","Census Tract 118.04, Jefferson County, Alabama",3125,21413,1513,242,76,1195,3125,640,2435,15,3125,0,948,105300,48,1180,532,"BIRMINGHAM, AL",9.97175349320622,21.413,15.9947124917383,15.9947124917383,15.9947124917383,20.48,77.92,0.48,0,0,1,0,0,6.85435450225502,9.48,11.5645686981221,105.3,45.0847457627119
1,73,"01073011802","Census Tract 118.02, Jefferson County, Alabama",7279,23339,3131,548,85,2498,7279,2829,4098,82,7279,18,808,100700,41,2953,1386,"BIRMINGHAM, AL",10.0578810600212,23.339,17.5023954008304,17.5023954008304,17.5023954008304,38.8652287402116,56.2989421623849,1.12652836928149,0.247286715208133,0,1,0,0,6.69456205852109,8.08,11.5199010787067,100.7,46.9353200135455
1,73,"01073001200","Census Tract 12, Jefferson County, Alabama",2762,19364,1039,52,188,799,2762,180,2481,0,2762,251,654,57500,63,1204,775,"BIRMINGHAM, AL",9.87117095105958,19.364,5.00481231953802,5.00481231953802,5.00481231953802,6.51701665459812,89.8262128892107,0,9.08761766835626,0,1,0,0,6.4831073514572,6.54,10.9595402267854,57.5,64.3687707641196
1,73,"01073011210","Census Tract 112.10, Jefferson County, Alabama",4371,18065,1559,163,184,1212,4371,1579,2473,6,4371,368,452,106400,39,1619,744,"BIRMINGHAM, AL",9.80173164358174,18.065,10.4554201411161,10.4554201411161,10.4554201411161,36.1244566460764,56.5774422328986,0.137268359643102,8.41912605811027,0,1,0,0,6.11368217983223,4.52,11.5749608558897,106.4,45.9542927733169
1,73,"01073014104","Census Tract 141.04, Jefferson County, Alabama",3276,30321,1146,25,45,1076,3276,1599,1525,25,3276,107,695,164600,45,1239,828,"BIRMINGHAM, AL",10.3195958207428,30.321,2.18150087260035,2.18150087260035,2.18150087260035,48.8095238095238,46.5506715506716,0.763125763125763,3.26617826617827,1,0,0,0,6.54391184556479,6.95,12.0112735672251,164.6,66.8280871670702
1,73,"01073014102","Census Tract 141.02, Jefferson County, Alabama",4487,23316,1675,46,118,1511,4487,4043,365,0,4487,40,727,112900,35,1696,1403,"BIRMINGHAM, AL",10.0568950991654,23.316,2.74626865671642,2.74626865671642,2.74626865671642,90.1047470470247,8.13461109872966,0,0.891464229997771,1,0,0,0,6.58892647753352,7.27,11.6342577501378,112.9,82.7240566037736
1,73,"01073012602","Census Tract 126.02, Jefferson County, Alabama",2886,24511,1189,59,136,994,2886,1807,1007,0,2886,59,920,92900,60,1330,832,"BIRMINGHAM, AL",10.1068772753635,24.511,4.96215306980656,4.96215306980656,4.96215306980656,62.6126126126126,34.8925848925849,0,2.04435204435204,1,0,0,0,6.82437367004309,9.2,11.4392789248019,92.9,62.5563909774436
1,73,"01073010701","Census Tract 107.01, Jefferson County, Alabama",1633,27708,870,124,124,622,1633,1070,376,0,1633,291,930,285200,51,678,243,"BIRMINGHAM, AL",10.2294764591425,27.708,14.2528735632184,14.2528735632184,14.2528735632184,65.523576240049,23.0251071647275,0,17.8199632578077,1,0,0,0,6.8351845861473,9.3,12.5609459675223,285.2,35.8407079646018
1,73,"01073011302","Census Tract 113.02, Jefferson County, Alabama",6237,33352,2693,93,75,2525,6237,6037,113,8,6237,36,768,165200,24,2242,1912,"BIRMINGHAM, AL",10.4148730195606,33.352,3.45339769773487,3.45339769773487,3.45339769773487,96.7933301266635,1.81176847843515,0.128266794933462,0.577200577200577,1,0,0,0,6.64378973314767,7.68,12.014912140069,165.2,85.2809991079393
1,73,"01073012302","Census Tract 123.02, Jefferson County, Alabama",3716,27451,1540,27,59,1454,3716,3559,126,26,3716,9,770,129100,38,1445,1194,"BIRMINGHAM, AL",10.2201578761466,27.451,1.75324675324675,1.75324675324675,1.75324675324675,95.7750269106566,3.39074273412271,0.69967707212056,0.242195909580194,1,0,0,0,6.64639051484773,7.7,11.7683425768347,129.1,82.6297577854671
1,73,"01073005903","Census Tract 59.03, Jefferson County, Alabama",5093,22823,2574,358,227,1989,5093,1567,3420,50,5093,221,750,111000,51,2200,1335,"BIRMINGHAM, AL",10.0355240784039,22.823,13.9083139083139,13.9083139083139,13.9083139083139,30.7677204005498,67.1509915570391,0.98173964264677,4.33928922049872,0,1,0,0,6.62007320653036,7.5,11.6172854802945,111,60.6818181818182
1,73,"01073001100","Census Tract 11, Jefferson County, Alabama",4428,22790,1842,126,160,1556,4428,85,4343,0,4428,0,588,85900,40,1800,1345,"BIRMINGHAM, AL",10.0340771222397,22.79,6.84039087947883,6.84039087947883,6.84039087947883,1.91960252935863,98.0803974706414,0,0,0,1,0,0,6.37672694789863,5.88,11.3609391079723,85.9,74.7222222222222
1,73,"01073011107","Census Tract 111.07, Jefferson County, Alabama",10895,42485,5376,168,131,5077,10895,9748,750,28,10895,46,1366,205900,20,3830,3428,"BIRMINGHAM, AL",10.6569063514376,42.485,3.125,3.125,3.125,89.4722349701698,6.88389169343736,0.256998623221661,0.422212023864158,1,0,0,0,7.21964204013074,13.66,12.2351458930159,205.9,89.5039164490862
1,73,"01073011104","Census Tract 111.04, Jefferson County, Alabama",7722,30708,3977,161,283,3533,7722,3495,4068,95,7722,244,1024,123300,34,3223,2508,"BIRMINGHAM, AL",10.3322784859478,30.708,4.04827759617802,4.04827759617802,4.04827759617802,45.2602952602953,52.6806526806527,1.23025123025123,3.15980315980316,0,1,0,0,6.93147180559945,10.24,11.7223756891524,123.3,77.8156996587031
1,73,"01073013901","Census Tract 139.01, Jefferson County, Alabama",1838,16976,577,42,22,513,1838,503,1296,17,1838,17,946,76800,53,649,483,"BIRMINGHAM, AL",9.73955586085376,16.976,7.2790294627383,7.2790294627383,7.2790294627383,27.3667029379761,70.5114254624592,0.924918389553863,0.924918389553863,0,1,0,0,6.85224256905188,9.46,11.2489599191358,76.8,74.42218798151
1,73,"01073011705","Census Tract 117.05, Jefferson County, Alabama",7445,29891,3402,165,50,3187,7445,6909,392,106,7445,508,914,144000,43,2799,2562,"BIRMINGHAM, AL",10.3053127107237,29.891,4.85008818342152,4.85008818342152,4.85008818342152,92.8005372733378,5.26527871054399,1.42377434519812,6.82337139019476,1,0,0,0,6.81783057145415,9.14,11.8775685785581,144,91.5326902465166
1,73,"01073014001","Census Tract 140.01, Jefferson County, Alabama",3914,31436,1769,83,205,1481,3914,3839,42,0,3914,0,1030,132300,45,1497,1305,"BIRMINGHAM, AL",10.3557090119861,31.436,4.69191633691351,4.69191633691351,4.69191633691351,98.0838017373531,1.07307102708227,0,0,1,0,0,0,6.93731408122368,10.3,11.792827350103,132.3,87.1743486973948
1,73,"01073012802","Census Tract 128.02, Jefferson County, Alabama",2790,40477,1551,46,26,1479,2790,2489,139,52,2790,92,1054,259500,50,1315,888,"BIRMINGHAM, AL",10.6084891905431,40.477,2.96582849774339,2.96582849774339,2.96582849774339,89.2114695340502,4.98207885304659,1.86379928315412,3.29749103942652,1,0,0,0,6.96034772910131,10.54,12.4665119815881,259.5,67.5285171102662
1,73,"01073004500","Census Tract 45, Jefferson County, Alabama",4887,4967,739,335,60,344,4887,1823,2552,260,4887,148,532,190900,30,1247,98,"BIRMINGHAM, AL",8.51057131510735,4.967,45.3315290933694,45.3315290933694,45.3315290933694,37.3030489052588,52.2201759770821,5.32023736443626,3.02844280744833,0,1,0,0,6.27664348934164,5.32,12.1595050097138,190.9,7.8588612670409
1,73,"01073012401","Census Tract 124.01, Jefferson County, Alabama",3997,30381,1674,32,59,1583,3997,242,3694,0,3997,51,768,152600,41,1494,1083,"BIRMINGHAM, AL",10.3215726920004,30.381,1.9115890083632,1.9115890083632,1.9115890083632,6.05454090567926,92.4193144858644,0,1.27595696772579,0,1,0,0,6.64378973314767,7.68,11.9355753978325,152.6,72.4899598393574
1,73,"01073014105","Census Tract 141.05, Jefferson County, Alabama",4479,21094,2189,152,214,1823,4479,975,3246,15,4479,18,789,154800,39,1766,1037,"BIRMINGHAM, AL",9.95674391883656,21.094,6.94380995888534,6.94380995888534,6.94380995888534,21.768251841929,72.4715338245144,0.334896182183523,0.401875418620228,0,1,0,0,6.67076632084587,7.89,11.9498892401378,154.8,58.7202718006795
1,73,"01073010702","Census Tract 107.02, Jefferson County, Alabama",4663,46486,2763,178,75,2510,4663,4178,333,118,4663,36,968,358300,63,2008,1295,"BIRMINGHAM, AL",10.7469064709744,46.486,6.44227289178429,6.44227289178429,6.44227289178429,89.5989706197727,7.14132532704268,2.53055972549861,0.7720351704911,1,0,0,0,6.87523208727658,9.68,12.789125903293,358.3,64.49203187251
1,73,"01073012002","Census Tract 120.02, Jefferson County, Alabama",7677,30302,3587,410,81,3096,7677,4100,3020,150,7677,194,918,133900,26,3093,2314,"BIRMINGHAM, AL",10.3189689959198,30.302,11.4301644828548,11.4301644828548,11.4301644828548,53.4062784942035,39.3382831835352,1.95388823759281,2.5270287872867,1,0,0,0,6.82219739062049,9.18,11.8048485316793,133.9,74.8140963465891
1,73,"01073010002","Census Tract 100.02, Jefferson County, Alabama",4981,23853,1974,114,116,1744,4981,3449,1268,8,4981,193,758,107300,54,1913,1417,"BIRMINGHAM, AL",10.0796652745696,23.853,5.77507598784195,5.77507598784195,5.77507598784195,69.2431238707087,25.456735595262,0.160610319213009,3.87472395101385,1,0,0,0,6.63068338564237,7.58,11.5833839286188,107.3,74.0721380031364
1,73,"01073013002","Census Tract 130.02, Jefferson County, Alabama",1539,16594,560,128,63,369,1539,16,1523,0,1539,0,459,62500,59,694,420,"BIRMINGHAM, AL",9.71679646322423,16.594,22.8571428571429,22.8571428571429,22.8571428571429,1.03963612735543,98.9603638726446,0,0,0,1,0,0,6.12905021006055,4.59,11.0429218357245,62.5,60.5187319884726
1,73,"01073005200","Census Tract 52, Jefferson County, Alabama",3374,18838,1184,89,159,936,3374,0,3351,0,3374,0,558,74800,63,1498,1044,"BIRMINGHAM, AL",9.84363138538276,18.838,7.51689189189189,7.51689189189189,7.51689189189189,0,99.3183165382335,0,0,0,1,0,0,6.32435896238131,5.58,11.2225731639626,74.8,69.6929238985314
1,73,"01073000400","Census Tract 4, Jefferson County, Alabama",3540,16686,1260,185,120,955,3540,421,3119,0,3540,0,727,56700,67,1218,573,"BIRMINGHAM, AL",9.72232532346202,16.686,14.6825396825397,14.6825396825397,14.6825396825397,11.8926553672316,88.1073446327684,0,0,0,1,0,0,6.58892647753352,7.27,10.9455294897158,56.7,47.0443349753695
1,73,"01073000500","Census Tract 5, Jefferson County, Alabama",2966,15245,911,241,107,563,2966,240,2718,0,2966,51,402,50100,62,1226,448,"BIRMINGHAM, AL",9.63200685942236,15.245,26.4544456641054,26.4544456641054,26.4544456641054,8.09170600134862,91.6385704652731,0,1.71948752528658,0,1,0,0,5.99645208861902,4.02,10.821776287073,50.1,36.5415986949429
1,73,"01073011803","Census Tract 118.03, Jefferson County, Alabama",5142,23724,1920,158,226,1536,5142,1126,3736,0,5142,81,924,92200,49,1823,976,"BIRMINGHAM, AL",10.0742424729586,23.724,8.22916666666667,8.22916666666667,8.22916666666667,21.8980941267989,72.6565538700895,0,1.57526254375729,0,1,0,0,6.82871207164168,9.24,11.4317154095447,92.2,53.5381239714756
1,73,"01073012803","Census Tract 128.03, Jefferson County, Alabama",4689,41680,2699,111,63,2525,4689,4336,138,168,4689,71,1065,288100,29,2532,1055,"BIRMINGHAM, AL",10.6377766764272,41.68,4.11263430900333,4.11263430900333,4.11263430900333,92.4717423757731,2.94305822136916,3.5828534868842,1.51418212838558,1,0,0,0,6.97073007814353,10.65,12.5710629210726,288.1,41.6666666666667
1,73,"01073012402","Census Tract 124.02, Jefferson County, Alabama",2446,26162,1144,128,84,932,2446,1059,1310,0,2446,24,761,88900,55,1134,788,"BIRMINGHAM, AL",10.1720632552482,26.162,11.1888111888112,11.1888111888112,11.1888111888112,43.29517579722,53.556827473426,0,0.98119378577269,0,1,0,0,6.63463335786169,7.61,11.395267421502,88.9,69.4885361552028
1,73,"01073012907","Census Tract 129.07, Jefferson County, Alabama",4474,35029,2516,170,135,2211,4474,3314,578,313,4474,141,1085,175100,39,2075,1530,"BIRMINGHAM, AL",10.4639315688243,35.029,6.75675675675676,6.75675675675676,6.75675675675676,74.0724184175235,12.9190880643719,6.99597675458203,3.15154224407689,1,0,0,0,6.98933526597456,10.85,12.0731125182739,175.1,73.7349397590361
1,73,"01073004000","Census Tract 40, Jefferson County, Alabama",3087,15509,1090,132,202,756,3087,95,2977,15,3087,17,574,64100,54,1638,497,"BIRMINGHAM, AL",9.64917577955945,15.509,12.1100917431193,12.1100917431193,12.1100917431193,3.07742144476838,96.4366699060577,0.485908649173955,0.550696469063816,0,1,0,0,6.35262939631957,5.74,11.0681996429088,64.1,30.3418803418803
1,73,"01073002303","Census Tract 23.03, Jefferson County, Alabama",3764,17402,933,204,113,616,3764,190,3483,0,3764,64,515,74600,55,1500,436,"BIRMINGHAM, AL",9.76434042112597,17.402,21.8649517684887,21.8649517684887,21.8649517684887,5.04782146652497,92.5345377258236,0,1.70031880977683,0,1,0,0,6.24416690066374,5.15,11.2198957861919,74.6,29.0666666666667
1,73,"01073012001","Census Tract 120.01, Jefferson County, Alabama",4498,23859,1675,120,108,1447,4498,1985,2430,0,4498,18,743,107700,44,1712,1352,"BIRMINGHAM, AL",10.0799167836252,23.859,7.16417910447761,7.16417910447761,7.16417910447761,44.1307247665629,54.0240106714095,0,0.400177856825256,0,1,0,0,6.61069604471776,7.43,11.5871048631445,107.7,78.9719626168224
1,73,"01073003300","Census Tract 33, Jefferson County, Alabama",745,16222,307,44,41,222,745,0,745,0,745,0,741,56600,67,389,171,"BIRMINGHAM, AL",9.69412362463029,16.222,14.3322475570033,14.3322475570033,14.3322475570033,0,100,0,0,0,1,0,0,6.60800062529609,7.41,10.9437642641913,56.6,43.9588688946015
1,73,"01073012200","Census Tract 122, Jefferson County, Alabama",4301,19543,1127,65,40,1022,4301,3133,1096,7,4301,56,695,91200,41,1066,824,"BIRMINGHAM, AL",9.88037244503008,19.543,5.76752440106477,5.76752440106477,5.76752440106477,72.8435247616833,25.482445942804,0.162752848174843,1.30202278539874,1,0,0,0,6.54391184556479,6.95,11.4208101760624,91.2,77.2983114446529
1,73,"01073000800","Census Tract 8, Jefferson County, Alabama",3338,13654,1115,207,96,812,3338,71,3253,0,3338,53,505,54200,66,1564,970,"BIRMINGHAM, AL",9.52178779797823,13.654,18.5650224215247,18.5650224215247,18.5650224215247,2.12702216896345,97.4535650089874,0,1.58777711204314,0,1,0,0,6.22455842927536,5.05,10.9004361874277,54.2,62.0204603580563
1,73,"01073001400","Census Tract 14, Jefferson County, Alabama",2152,16591,882,154,61,667,2152,65,1911,0,2152,172,735,59600,64,929,525,"BIRMINGHAM, AL",9.71661565864336,16.591,17.4603174603175,17.4603174603175,17.4603174603175,3.02044609665427,88.8011152416357,0,7.99256505576208,0,1,0,0,6.59987049921284,7.35,10.9954108530534,59.6,56.5123789020452
1,73,"01073010602","Census Tract 106.02, Jefferson County, Alabama",5886,14118,1481,128,191,1162,5886,353,5166,7,5886,210,507,75800,60,2300,1194,"BIRMINGHAM, AL",9.55520585795542,14.118,8.64280891289669,8.64280891289669,8.64280891289669,5.99728168535508,87.7675840978593,0.118926265715257,3.5677879714577,0,1,0,0,6.22851100359118,5.07,11.2358535716305,75.8,51.9130434782609
1,73,"01073011901","Census Tract 119.01, Jefferson County, Alabama",2680,19530,952,152,152,648,2680,1400,727,8,2680,682,626,71000,47,1193,508,"BIRMINGHAM, AL",9.87970702387072,19.53,15.9663865546218,15.9663865546218,15.9663865546218,52.2388059701493,27.1268656716418,0.298507462686567,25.4477611940299,1,0,0,0,6.4393503711001,6.26,11.1704351560235,71,42.5817267393127
1,73,"01073000100","Census Tract 1, Jefferson County, Alabama",3111,19304,1124,263,119,742,3111,510,2316,0,3111,279,752,69200,60,1204,552,"BIRMINGHAM, AL",9.86806760730487,19.304,23.3985765124555,23.3985765124555,23.3985765124555,16.3934426229508,74.4455159112825,0,8.96817743490839,0,1,0,0,6.62273632394984,7.52,11.1447561416058,69.2,45.8471760797342
1,73,"01073012500","Census Tract 125, Jefferson County, Alabama",4165,17321,1500,250,154,1096,4165,2678,1393,0,4165,7,706,70800,60,1632,1093,"BIRMINGHAM, AL",9.75967491717028,17.321,16.6666666666667,16.6666666666667,16.6666666666667,64.2977190876351,33.4453781512605,0,0.168067226890756,1,0,0,0,6.55961523749324,7.06,11.1676142796818,70.8,66.9730392156863
1,73,"01073012908","Census Tract 129.08, Jefferson County, Alabama",5354,27345,2819,248,226,2345,5354,2351,1895,187,5354,1102,899,166300,41,1988,775,"BIRMINGHAM, AL",10.2162889757809,27.345,8.79744590280241,8.79744590280241,8.79744590280241,43.9110945087785,35.3940978707508,3.49271572655958,20.5827418752335,1,0,0,0,6.80128303447162,8.99,12.021548665181,166.3,38.9839034205231
1,73,"01073012305","Census Tract 123.05, Jefferson County, Alabama",7712,32052,3615,132,90,3393,7712,2613,5073,0,7712,44,1172,151700,36,2936,2729,"BIRMINGHAM, AL",10.375114862898,32.052,3.65145228215768,3.65145228215768,3.65145228215768,33.8822614107884,65.780601659751,0,0.570539419087137,0,1,0,0,7.06646697013696,11.72,11.9296601653366,151.7,92.9495912806539
1,73,"01073004902","Census Tract 49.02, Jefferson County, Alabama",3181,21517,1714,342,207,1165,3181,2147,618,268,3181,246,714,145700,50,1586,330,"BIRMINGHAM, AL",9.97659859935345,21.517,19.953325554259,19.953325554259,19.953325554259,67.4944985853505,19.4278528764539,8.42502357749135,7.73341716441371,1,0,0,0,6.57088296233958,7.14,11.8893049921833,145.7,20.8070617906683
1,73,"01073003900","Census Tract 39, Jefferson County, Alabama",1447,13851,485,117,40,328,1447,53,1319,0,1447,124,585,50900,56,641,195,"BIRMINGHAM, AL",9.5361127111751,13.851,24.1237113402062,24.1237113402062,24.1237113402062,3.66275051831375,91.1541119557706,0,8.56945404284727,0,1,0,0,6.37161184723186,5.85,10.8376182025386,50.9,30.421216848674
1,73,"01073003200","Census Tract 32, Jefferson County, Alabama",1285,15029,283,84,62,137,1285,116,1156,0,1285,0,670,65900,50,469,123,"BIRMINGHAM, AL",9.61773694693409,15.029,29.6819787985866,29.6819787985866,29.6819787985866,9.0272373540856,89.9610894941634,0,0,0,1,0,0,6.50727771238501,6.7,11.0958937204906,65.9,26.226012793177
1,73,"01073003100","Census Tract 31, Jefferson County, Alabama",3997,17092,1290,282,87,921,3997,178,3784,0,3997,75,813,78500,63,1410,570,"BIRMINGHAM, AL",9.74636579676392,17.092,21.8604651162791,21.8604651162791,21.8604651162791,4.45334000500375,94.6710032524393,0,1.87640730547911,0,1,0,0,6.70073110954781,8.13,11.2708539037705,78.5,40.4255319148936
1,73,"01073003400","Census Tract 34, Jefferson County, Alabama",2356,12353,756,185,89,482,2356,180,2167,0,2356,21,800,56000,61,898,363,"BIRMINGHAM, AL",9.42165422753681,12.353,24.4708994708995,24.4708994708995,24.4708994708995,7.64006791171477,91.9779286926995,0,0.891341256366723,0,1,0,0,6.68461172766793,8,10.9331069697173,56,40.4231625835189
1,73,"01073005302","Census Tract 53.02, Jefferson County, Alabama",3350,26481,1622,160,89,1373,3350,1863,1378,30,3350,0,1094,121000,56,1439,1167,"BIRMINGHAM, AL",10.1841827736883,26.481,9.86436498150432,9.86436498150432,9.86436498150432,55.6119402985075,41.134328358209,0.895522388059702,0,1,0,0,0,6.99759598298193,10.94,11.7035458245789,121,81.0979847116053
1,73,"01073005905","Census Tract 59.05, Jefferson County, Alabama",5457,20010,2270,227,306,1737,5457,1254,3915,0,5457,406,971,78000,60,2103,1403,"BIRMINGHAM, AL",9.90398742757778,20.01,10,10,10,22.979659153381,71.7427157778999,0,7.43998533993036,0,1,0,0,6.87832646829133,9.71,11.2644641056717,78,66.7142177841179
1,73,"01073000700","Census Tract 7, Jefferson County, Alabama",2724,10690,619,223,90,306,2724,0,2652,0,2724,58,395,52000,61,941,262,"BIRMINGHAM, AL",9.27706400401909,10.69,36.0258481421648,36.0258481421648,36.0258481421648,0,97.3568281938326,0,2.12922173274596,0,1,0,0,5.97888576490112,3.95,10.8589989975636,52,27.8427205100956
1,73,"01073000300","Census Tract 3, Jefferson County, Alabama",2333,14402,901,162,237,502,2333,481,1445,150,2333,563,561,63300,55,905,233,"BIRMINGHAM, AL",9.57512236480881,14.402,17.9800221975583,17.9800221975583,17.9800221975583,20.6172310330047,61.9374196313759,6.42948992713245,24.1320188598371,0,1,0,0,6.3297209055227,5.61,11.0556406081323,63.3,25.7458563535912
1,73,"01073014002","Census Tract 140.02, Jefferson County, Alabama",3958,26506,1486,23,32,1431,3958,3061,857,0,3958,17,908,180300,35,1250,1176,"BIRMINGHAM, AL",10.1851264014406,26.506,1.54777927321669,1.54777927321669,1.54777927321669,77.3370389085397,21.6523496715513,0,0.429509853461344,1,0,0,0,6.81124437860129,9.08,12.1023774091914,180.3,94.08
1,73,"01073011001","Census Tract 110.01, Jefferson County, Alabama",5422,33689,2470,58,115,2297,5422,4615,655,0,5422,547,748,145800,42,2100,1642,"BIRMINGHAM, AL",10.4249266535617,33.689,2.34817813765182,2.34817813765182,2.34817813765182,85.1161932866101,12.0804131316857,0,10.0885282183696,1,0,0,0,6.61740297797448,7.48,11.8899910985567,145.8,78.1904761904762
1,73,"01073014405","Census Tract 144.05, Jefferson County, Alabama",3872,32356,1976,104,100,1772,3872,3060,582,78,3872,106,966,210400,45,1562,889,"BIRMINGHAM, AL",10.3845547541378,32.356,5.26315789473684,5.26315789473684,5.26315789473684,79.0289256198347,15.0309917355372,2.01446280991736,2.73760330578512,1,0,0,0,6.87316383421252,9.66,12.2567657598457,210.4,56.9142125480154
1,73,"01073012914","Census Tract 129.14, Jefferson County, Alabama",1978,35616,1076,84,17,975,1978,1830,39,77,1978,60,1196,236400,32,991,462,"BIRMINGHAM, AL",10.4805502540753,35.616,7.80669144981413,7.80669144981413,7.80669144981413,92.5176946410516,1.97168857431749,3.89282103134479,3.03336703741153,1,0,0,0,7.08673793451058,11.96,12.3732805645141,236.4,46.619576185671
1,73,"01073014302","Census Tract 143.02, Jefferson County, Alabama",7204,40055,3539,225,81,3233,7204,4133,2534,458,7204,383,1269,283200,14,3073,1917,"BIRMINGHAM, AL",10.5980087886492,40.055,6.35772817179994,6.35772817179994,6.35772817179994,57.3709050527485,35.1749028317601,6.35757912270961,5.3164908384231,1,0,0,0,7.14598446771439,12.69,12.5539086408017,283.2,62.3820370972991
1,73,"01073004200","Census Tract 42, Jefferson County, Alabama",2066,14429,654,163,94,397,2066,49,1978,0,2066,28,571,72100,63,961,348,"BIRMINGHAM, AL",9.57699534929726,14.429,24.9235474006116,24.9235474006116,24.9235474006116,2.37173281703775,95.7405614714424,0,1.35527589545015,0,1,0,0,6.34738920965601,5.71,11.185809323273,72.1,36.2122788761707
1,73,"01073003803","Census Tract 38.03, Jefferson County, Alabama",3558,18850,1411,239,155,1017,3558,120,3438,0,3558,0,791,65200,61,1531,891,"BIRMINGHAM, AL",9.84426819287616,18.85,16.9383416017009,16.9383416017009,16.9383416017009,3.37268128161889,96.6273187183811,0,0,0,1,0,0,6.67329796776765,7.91,11.0852147479147,65.2,58.1972566949706
1,73,"01073014408","Census Tract 144.08, Jefferson County, Alabama",3777,42205,2235,93,130,2012,3777,1871,1340,536,3777,301,1016,317800,23,1821,314,"BIRMINGHAM, AL",10.6502939764178,42.205,4.16107382550336,4.16107382550336,4.16107382550336,49.5366693142706,35.4778925072809,14.1911570029124,7.96928779454594,1,0,0,0,6.92362862813843,10.16,12.6691775330848,317.8,17.2432729269632
1,73,"01073003001","Census Tract 30.01, Jefferson County, Alabama",3099,11340,614,19,69,526,3099,892,2033,38,3099,134,566,76000,67,972,665,"BIRMINGHAM, AL",9.33609157728174,11.34,3.09446254071661,3.09446254071661,3.09446254071661,28.783478541465,65.6018070345273,1.22620200064537,4.32397547595999,0,1,0,0,6.33859407820318,5.66,11.2384886192685,76,68.4156378600823
1,73,"01073005702","Census Tract 57.02, Jefferson County, Alabama",2706,17794,929,97,135,697,2706,102,2601,0,2706,3,722,70200,60,1214,819,"BIRMINGHAM, AL",9.78661660080471,17.794,10.4413347685684,10.4413347685684,10.4413347685684,3.76940133037694,96.119733924612,0,0.110864745011086,0,1,0,0,6.58202513889283,7.22,11.1591035900139,70.2,67.4629324546952
1,73,"01073012103","Census Tract 121.03, Jefferson County, Alabama",3874,26075,1634,116,52,1466,3874,1854,1858,10,3874,103,853,95700,50,1607,1256,"BIRMINGHAM, AL",10.168732279869,26.075,7.09914320685435,7.09914320685435,7.09914320685435,47.8575116159009,47.9607640681466,0.258131130614352,2.65875064532783,0,1,0,0,6.74875954749168,8.53,11.468973577441,95.7,78.1580584940884
1,73,"01073012906","Census Tract 129.06, Jefferson County, Alabama",6147,37351,3021,99,28,2894,6147,5379,274,281,6147,360,954,325200,43,2620,1817,"BIRMINGHAM, AL",10.5281149639643,37.351,3.27706057596822,3.27706057596822,3.27706057596822,87.5061005368472,4.4574589230519,4.57133561086709,5.85651537335286,1,0,0,0,6.86066367144829,9.54,12.6921956566558,325.2,69.3511450381679
1,73,"01073002200","Census Tract 22, Jefferson County, Alabama",2632,17017,975,81,93,801,2632,171,2432,0,2632,35,831,66000,60,931,549,"BIRMINGHAM, AL",9.74196812337144,17.017,8.30769230769231,8.30769230769231,8.30769230769231,6.49696048632219,92.4012158054711,0,1.32978723404255,0,1,0,0,6.72262979485545,8.31,11.0974100210086,66,58.968850698174
1,73,"01073012905","Census Tract 129.05, Jefferson County, Alabama",4306,52099,1764,28,16,1720,4306,4135,61,80,4306,147,1582,433700,51,1508,1238,"BIRMINGHAM, AL",10.8609010336993,52.099,1.58730158730159,1.58730158730159,1.58730158730159,96.0287970274036,1.41662796098467,1.8578727357176,3.4138411518811,1,0,0,0,7.3664451483276,15.82,12.9801083298235,433.7,82.0954907161804
1,73,"01073012403","Census Tract 124.03, Jefferson County, Alabama",3467,29732,1361,74,63,1224,3467,1852,1567,0,3467,23,905,98800,48,1281,1071,"BIRMINGHAM, AL",10.2999791858452,29.732,5.43717854518736,5.43717854518736,5.43717854518736,53.4179405826363,45.1975771560427,0,0.663397750216325,1,0,0,0,6.80793494369993,9.05,11.500852883736,98.8,83.6065573770492
1,73,"01073012915","Census Tract 129.15, Jefferson County, Alabama",6100,36215,3382,10,363,3009,6100,4918,482,420,6100,300,924,300200,45,2609,1578,"BIRMINGHAM, AL",10.4972286766294,36.215,0.295683027794205,0.295683027794205,0.295683027794205,80.6229508196721,7.9016393442623,6.88524590163934,4.91803278688525,1,0,0,0,6.82871207164168,9.24,12.6122041981815,300.2,60.4829436565734
1,73,"01073012304","Census Tract 123.04, Jefferson County, Alabama",2783,21869,1210,54,37,1119,2783,1562,1171,26,2783,0,941,142200,37,954,709,"BIRMINGHAM, AL",9.99282538788832,21.869,4.46280991735537,4.46280991735537,4.46280991735537,56.1264822134387,42.0768954365792,0.934243621990658,0,1,0,0,0,6.84694313958538,9.41,11.8649897963513,142.2,74.3186582809224
1,73,"01073005907","Census Tract 59.07, Jefferson County, Alabama",2254,31753,1113,19,88,1006,2254,579,1614,0,2254,57,1110,120100,46,835,731,"BIRMINGHAM, AL",10.3657424880461,31.753,1.70709793351303,1.70709793351303,1.70709793351303,25.6876663708962,71.606033717835,0,2.52883762200532,0,1,0,0,7.01211529430638,11.1,11.6960800080681,120.1,87.5449101796407
1,73,"01073010705","Census Tract 107.05, Jefferson County, Alabama",4190,44917,2277,126,20,2131,4190,3886,94,54,4190,119,1595,306800,69,1492,1116,"BIRMINGHAM, AL",10.7125716212259,44.917,5.53359683794466,5.53359683794466,5.53359683794466,92.744630071599,2.24343675417661,1.28878281622912,2.84009546539379,1,0,0,0,7.37462901521894,15.95,12.6339513484752,306.8,74.798927613941
1,73,"01073010706","Census Tract 107.06, Jefferson County, Alabama",5227,30199,2951,299,348,2304,5227,3573,1207,350,5227,29,1017,190500,41,2356,769,"BIRMINGHAM, AL",10.3155640902319,30.199,10.1321585903084,10.1321585903084,10.1321585903084,68.3566099100823,23.0916395638033,6.69600153051463,0.554811555385498,1,0,0,0,6.92461239604856,10.17,12.1574074735489,190.5,32.6400679117148
1,73,"01073010704","Census Tract 107.04, Jefferson County, Alabama",4790,9916,1454,47,84,1323,4790,3799,773,115,4790,229,968,313500,52,1180,561,"BIRMINGHAM, AL",9.20190489315508,9.916,3.23246217331499,3.23246217331499,3.23246217331499,79.3110647181628,16.1377870563674,2.40083507306889,4.78079331941545,1,0,0,0,6.87523208727658,9.68,12.6555546390551,313.5,47.5423728813559
1,73,"01073014412","Census Tract 144.12, Jefferson County, Alabama",4651,43715,2292,27,33,2232,4651,4459,60,93,4651,135,1345,210300,49,1611,1412,"BIRMINGHAM, AL",10.685446571615,43.715,1.17801047120419,1.17801047120419,1.17801047120419,95.871855514943,1.29004515158031,1.99956998494947,2.90260159105569,1,0,0,0,7.20414929203594,13.45,12.2562903616908,210.3,87.6474239602731
1,73,"01073014203","Census Tract 142.03, Jefferson County, Alabama",12883,38652,6878,78,293,6507,12883,8512,3567,286,12883,214,936,197600,16,5116,4531,"BIRMINGHAM, AL",10.5623537991192,38.652,1.13405059610352,1.13405059610352,1.13405059610352,66.0715671815571,27.6876503919894,2.21997981836529,1.66110378017542,1,0,0,0,6.84161547647759,9.36,12.1940000642959,197.6,88.5652853792025
1,73,"01073002900","Census Tract 29, Jefferson County, Alabama",2144,12951,562,121,130,311,2144,0,2111,0,2144,0,467,59600,68,1072,179,"BIRMINGHAM, AL",9.46892828422359,12.951,21.5302491103203,21.5302491103203,21.5302491103203,0,98.4608208955224,0,0,0,1,0,0,6.1463292576689,4.67,10.9954108530534,59.6,16.6977611940299
1,73,"01073013300","Census Tract 133, Jefferson County, Alabama",3534,15102,1283,281,126,876,3534,263,2493,0,3534,816,799,53700,59,1233,816,"BIRMINGHAM, AL",9.62258246436337,15.102,21.9017926734217,21.9017926734217,21.9017926734217,7.44199207696661,70.5432937181664,0,23.0899830220713,0,1,0,0,6.68336094576627,7.99,10.891168280497,53.7,66.1800486618005
1,73,"01073012910","Census Tract 129.10, Jefferson County, Alabama",3564,39898,2129,64,55,2010,3564,2926,505,31,3564,30,1091,260200,24,1653,798,"BIRMINGHAM, AL",10.5940814763084,39.898,3.00610615312353,3.00610615312353,3.00610615312353,82.0987654320988,14.1694725028058,0.869809203142537,0.841750841750842,1,0,0,0,6.99484998583307,10.91,12.4692058450605,260.2,48.2758620689655
1,73,"01073012913","Census Tract 129.13, Jefferson County, Alabama",4842,27991,2455,282,331,1842,4842,2050,1988,370,4842,1226,1119,154700,26,1641,237,"BIRMINGHAM, AL",10.2396383089167,27.991,11.4867617107943,11.4867617107943,11.4867617107943,42.3378769103676,41.057414291615,7.64147046674928,25.3201156546881,1,0,0,0,7.02019070831193,11.19,11.9492430365612,154.7,14.4424131627057
1,73,"01073005104","Census Tract 51.04, Jefferson County, Alabama",4180,20880,2659,617,391,1651,4180,1019,2852,5,4180,335,815,NA,38,1937,191,"BIRMINGHAM, AL",9.94654704199658,20.88,23.2042121098157,23.2042121098157,23.2042121098157,24.377990430622,68.2296650717703,0.119617224880383,8.01435406698565,0,1,0,0,6.70318811324086,8.15,NA,NA,9.86060918946825
1,73,"01073014404","Census Tract 144.04, Jefferson County, Alabama",5452,40026,3289,188,132,2969,5452,3757,1039,320,5452,160,988,230400,44,2306,1220,"BIRMINGHAM, AL",10.5972845219376,40.026,5.71602310732746,5.71602310732746,5.71602310732746,68.9104915627293,19.057226705796,5.86940572267058,2.93470286133529,1,0,0,0,6.89568269774787,9.88,12.3475722078039,230.4,52.9054640069384
1,73,"01073005910","Census Tract 59.10, Jefferson County, Alabama",5870,28675,2718,158,227,2333,5870,499,5176,20,5870,60,797,151500,34,2120,1377,"BIRMINGHAM, AL",10.2637809419976,28.675,5.813097866078,5.813097866078,5.813097866078,8.50085178875639,88.1771720613288,0.340715502555366,1.0221465076661,0,1,0,0,6.68085467879022,7.97,11.9283409039316,151.5,64.9528301886792
1,73,"01073010001","Census Tract 100.01, Jefferson County, Alabama",4632,21543,1978,284,229,1465,4632,2388,2005,11,4632,155,760,80600,46,1948,987,"BIRMINGHAM, AL",9.97780621677843,21.543,14.3579373104146,14.3579373104146,14.3579373104146,51.5544041450777,43.2858376511226,0.237478411053541,3.34628670120898,1,0,0,0,6.63331843328038,7.6,11.2972539284947,80.6,50.6673511293634
1,73,"01073014301","Census Tract 143.01, Jefferson County, Alabama",2687,20132,1074,101,39,934,2687,1609,994,24,2687,14,1113,104700,52,1131,756,"BIRMINGHAM, AL",9.91006586789625,20.132,9.40409683426443,9.40409683426443,9.40409683426443,59.8809080759211,36.9929289170078,0.893189430591738,0.521027167845181,1,0,0,0,7.01481435127554,11.13,11.5588543968586,104.7,66.8435013262599
1,73,"01073005101","Census Tract 51.01, Jefferson County, Alabama",2089,10833,616,203,130,283,2089,52,2004,0,2089,70,518,60000,63,760,100,"BIRMINGHAM, AL",9.29035230994557,10.833,32.9545454545455,32.9545454545455,32.9545454545455,2.48922929631403,95.9310674964098,0,3.35088559119196,0,1,0,0,6.24997524225948,5.18,11.0020998412042,60,13.1578947368421
1,73,"01073005000","Census Tract 50, Jefferson County, Alabama",3378,20810,2173,342,414,1417,3378,2211,712,59,3378,730,757,153100,55,1570,440,"BIRMINGHAM, AL",9.94318891938768,20.81,15.7386102162908,15.7386102162908,15.7386102162908,65.4529307282416,21.0775606867969,1.7465956187093,21.6104203670811,1,0,0,0,6.62936325343745,7.57,11.9388465816458,153.1,28.0254777070064
1,73,"01073012911","Census Tract 129.11, Jefferson County, Alabama",5874,51141,2607,129,0,2478,5874,5781,0,80,5874,111,1254,479000,35,1910,1806,"BIRMINGHAM, AL",10.842341802819,51.141,4.9482163406214,4.9482163406214,4.9482163406214,98.4167517875383,0,1.36193394620361,1.88968335035751,1,0,0,0,7.13409372119287,12.54,13.0794558763931,479,94.5549738219895
1,73,"01073003002","Census Tract 30.02, Jefferson County, Alabama",2478,13563,716,190,103,423,2478,60,2338,0,2478,80,445,70900,72,1112,429,"BIRMINGHAM, AL",9.51510077596271,13.563,26.536312849162,26.536312849162,26.536312849162,2.42130750605327,94.3502824858757,0,3.22841000807102,0,1,0,0,6.09807428216624,4.45,11.1690257125202,70.9,38.5791366906475
1,73,"01073002400","Census Tract 24, Jefferson County, Alabama",3975,14237,1408,246,140,1022,3975,1325,2555,0,3975,229,590,159000,49,1683,435,"BIRMINGHAM, AL",9.56359948861374,14.237,17.4715909090909,17.4715909090909,17.4715909090909,33.3333333333333,64.2767295597484,0,5.76100628930818,0,1,0,0,6.38012253689976,5.9,11.9766594812024,159,25.8467023172906
1,73,"01073003802","Census Tract 38.02, Jefferson County, Alabama",5344,16039,2088,198,220,1670,5344,128,5188,0,5344,24,975,72100,61,1951,996,"BIRMINGHAM, AL",9.68277853533738,16.039,9.48275862068965,9.48275862068965,9.48275862068965,2.39520958083832,97.0808383233533,0,0.449101796407186,0,1,0,0,6.88243747099785,9.75,11.185809323273,72.1,51.050743208611
1,73,"01073003700","Census Tract 37, Jefferson County, Alabama",4887,18251,1868,334,420,1114,4887,267,4193,0,4887,137,713,64100,63,1983,934,"BIRMINGHAM, AL",9.81197515203002,18.251,17.8800856531049,17.8800856531049,17.8800856531049,5.463474524248,85.7990587272355,0,2.80335584202987,0,1,0,0,6.5694814204143,7.13,11.0681996429088,64.1,47.1003530005043
1,73,"01073012912","Census Tract 129.12, Jefferson County, Alabama",4654,25825,2552,178,442,1932,4654,1490,2354,122,4654,573,914,146100,35,2264,188,"BIRMINGHAM, AL",10.1590982939878,25.825,6.97492163009404,6.97492163009404,6.97492163009404,32.0154705629566,50.5801461108724,2.62140094542329,12.3119896862914,0,1,0,0,6.81783057145415,9.14,11.8920465977388,146.1,8.30388692579505
1,73,"01073014406","Census Tract 144.06, Jefferson County, Alabama",5811,51006,2736,0,51,2685,5811,4938,436,391,5811,0,1164,249500,45,2114,1951,"BIRMINGHAM, AL",10.8396985518454,51.006,0,0,0,84.9767681982447,7.50301152985717,6.72861813801411,0,1,0,0,0,7.05961762829138,11.64,12.4272141941737,249.5,92.2894985808893
1,73,"01073010100","Census Tract 101, Jefferson County, Alabama",1504,13403,434,67,37,330,1504,45,1452,0,1504,5,624,39100,61,643,250,"BIRMINGHAM, AL",9.5032338414785,13.403,15.4377880184332,15.4377880184332,15.4377880184332,2.99202127659574,96.5425531914894,0,0.332446808510638,0,1,0,0,6.43615036836943,6.24,10.5738777459735,39.1,38.8802488335925
1,73,"01073010804","Census Tract 108.04, Jefferson County, Alabama",2983,63194,1189,12,13,1164,2983,2912,11,55,2983,0,2830,537900,54,1090,1004,"BIRMINGHAM, AL",11.0539646389193,63.194,1.00925147182506,1.00925147182506,1.00925147182506,97.619845792826,0.368756285618505,1.84378142809252,0,1,0,0,0,7.94803199063728,28.3,13.1954279482613,537.9,92.1100917431193
1,73,"01073010900","Census Tract 109, Jefferson County, Alabama",4909,16077,1708,313,238,1157,4909,1546,2578,58,4909,544,727,71300,62,1939,943,"BIRMINGHAM, AL",9.68514495816296,16.077,18.3255269320843,18.3255269320843,18.3255269320843,31.4931757995518,52.515787329395,1.18150336117335,11.0816866979018,0,1,0,0,6.58892647753352,7.27,11.1746516064024,71.3,48.6333161423414
1,73,"01073013200","Census Tract 132, Jefferson County, Alabama",2213,20244,1002,125,40,837,2213,136,2068,9,2213,47,892,72900,61,824,517,"BIRMINGHAM, AL",9.91561373233397,20.244,12.4750499001996,12.4750499001996,12.4750499001996,6.1455038409399,93.4478084048802,0.406687754179846,2.12381382738364,0,1,0,0,6.79346613258001,8.92,11.1968439179968,72.9,62.7427184466019
1,73,"01073005103","Census Tract 51.03, Jefferson County, Alabama",2828,20935,1062,147,102,813,2828,276,2413,0,2828,207,756,91100,61,1274,898,"BIRMINGHAM, AL",9.94917767845324,20.935,13.8418079096045,13.8418079096045,13.8418079096045,9.75954738330976,85.3253182461103,0,7.31966053748232,0,1,0,0,6.62804137617953,7.56,11.4197130832481,91.1,70.4866562009419
1,73,"01073002700","Census Tract 27, Jefferson County, Alabama",3749,15299,1255,158,147,950,3749,1582,1993,76,3749,37,768,208200,22,1834,241,"BIRMINGHAM, AL",9.63554274576738,15.299,12.5896414342629,12.5896414342629,12.5896414342629,42.1979194451854,53.1608428914377,2.02720725526807,0.986929847959456,0,1,0,0,6.64378973314767,7.68,12.246254435163,208.2,13.1406761177754
1,73,"01073010703","Census Tract 107.03, Jefferson County, Alabama",2353,60067,1233,32,10,1191,2353,2190,67,34,2353,15,996,447500,66,898,729,"BIRMINGHAM, AL",11.0032158848624,60.067,2.59529602595296,2.59529602595296,2.59529602595296,93.0726731831704,2.84742881427964,1.4449638759031,0.637484062898428,1,0,0,0,6.9037472575846,9.96,13.011431816697,447.5,81.1804008908686
1,73,"01073002306","Census Tract 23.06, Jefferson County, Alabama",3713,36536,2189,89,92,2008,3713,2696,853,36,3713,105,850,191600,58,1812,1225,"BIRMINGHAM, AL",10.5060533548648,36.536,4.06578346276839,4.06578346276839,4.06578346276839,72.609749528683,22.97333692432,0.969566388365203,2.82790196606518,1,0,0,0,6.74523634948436,8.5,12.1631651445189,191.6,67.6048565121413
1,73,"01073012701","Census Tract 127.01, Jefferson County, Alabama",3901,25933,1728,268,204,1256,3901,2449,729,19,3901,1037,809,129800,37,1388,1057,"BIRMINGHAM, AL",10.1632715679453,25.933,15.5092592592593,15.5092592592593,15.5092592592593,62.7787746731607,18.6875160215329,0.48705460138426,26.5829274544988,1,0,0,0,6.69579891705849,8.09,11.7737500832521,129.8,76.1527377521614
1,73,"01073012104","Census Tract 121.04, Jefferson County, Alabama",2949,25087,1130,66,95,969,2949,1794,1153,0,2949,20,850,88800,52,1141,858,"BIRMINGHAM, AL",10.1301050626618,25.087,5.84070796460177,5.84070796460177,5.84070796460177,60.8341810783316,39.097999321804,0,0.678195998643608,1,0,0,0,6.74523634948436,8.5,11.3941419289803,88.8,75.1971954425942
1,73,"01073010301","Census Tract 103.01, Jefferson County, Alabama",2409,17625,733,119,42,572,2409,516,1793,0,2409,14,563,75600,64,1031,566,"BIRMINGHAM, AL",9.77707362768047,17.625,16.2346521145975,16.2346521145975,16.2346521145975,21.4196762141968,74.4292237442922,0,0.58115400581154,0,1,0,0,6.33327962813969,5.63,11.2332115621676,75.6,54.898157129001
1,73,"01073014204","Census Tract 142.04, Jefferson County, Alabama",9908,43420,5334,36,118,5180,9908,7431,1664,440,9908,323,1316,220100,23,3657,3347,"BIRMINGHAM, AL",10.6786754434323,43.42,0.674915635545557,0.674915635545557,0.674915635545557,75,16.794509487283,4.44085587404118,3.25999192571659,1,0,0,0,7.18235211188526,13.16,12.3018372675146,220.1,91.5231063713426
1,73,"01073010401","Census Tract 104.01, Jefferson County, Alabama",3638,14935,1200,263,287,650,3638,985,2475,0,3638,47,743,62200,63,1419,794,"BIRMINGHAM, AL",9.61146273065021,14.935,21.9166666666667,21.9166666666667,21.9166666666667,27.0753161077515,68.0318856514568,0,1.29191863661352,0,1,0,0,6.61069604471776,7.43,11.0381102787273,62.2,55.9548978153629
1,73,"01073010805","Census Tract 108.05, Jefferson County, Alabama",7008,47788,3360,54,96,3210,7008,6540,211,127,7008,64,1528,325700,42,2699,2501,"BIRMINGHAM, AL",10.7745298409371,47.788,1.60714285714286,1.60714285714286,1.60714285714286,93.3219178082192,3.01084474885845,1.81221461187215,0.91324200913242,1,0,0,0,7.33171496972647,15.28,12.6937319912643,325.7,92.663949610967
1,73,"01073010801","Census Tract 108.01, Jefferson County, Alabama",5947,54056,2925,26,92,2807,5947,5512,154,153,5947,153,1025,632600,62,2306,1579,"BIRMINGHAM, AL",10.897775825232,54.056,0.888888888888889,0.888888888888889,0.888888888888889,92.6853875903817,2.58954094501429,2.57272574407264,2.57272574407264,1,0,0,0,6.93244789157251,10.25,13.3575935898537,632.6,68.4735472679965
1,73,"01073010302","Census Tract 103.02, Jefferson County, Alabama",4289,13643,1135,123,167,845,4289,178,3939,0,4289,97,581,70700,52,1523,489,"BIRMINGHAM, AL",9.52098184856287,13.643,10.8370044052863,10.8370044052863,10.8370044052863,4.15015155047797,91.8395896479366,0,2.261599440429,0,1,0,0,6.36475075685191,5.81,11.1662008518847,70.7,32.107682206172
1,73,"01073010200","Census Tract 102, Jefferson County, Alabama",2895,14736,883,189,59,635,2895,882,1681,0,2895,390,657,57800,65,937,573,"BIRMINGHAM, AL",9.59804875849509,14.736,21.4043035107588,21.4043035107588,21.4043035107588,30.4663212435233,58.0656303972366,0,13.4715025906736,0,1,0,0,6.48768401848461,6.57,10.9647440546605,57.8,61.1526147278549
1,73,"01073003600","Census Tract 36, Jefferson County, Alabama",4406,18640,1853,152,222,1479,4406,167,4174,0,4406,65,810,81100,62,1773,1106,"BIRMINGHAM, AL",9.83306508823958,18.64,8.20291419320021,8.20291419320021,8.20291419320021,3.79028597367227,94.734453018611,0,1.47526100771675,0,1,0,0,6.69703424766648,8.1,11.3034382401035,81.1,62.380146644106
1,73,"01073012704","Census Tract 127.04, Jefferson County, Alabama",2068,37113,1099,31,26,1042,2068,1797,216,0,2068,67,1330,194500,24,839,737,"BIRMINGHAM, AL",10.5217225915309,37.113,2.82074613284804,2.82074613284804,2.82074613284804,86.8955512572534,10.4448742746615,0,3.23984526112186,1,0,0,0,7.1929342212158,13.3,12.1781874420406,194.5,87.8426698450536
1,73,"01073003500","Census Tract 35, Jefferson County, Alabama",2440,20861,976,152,62,762,2440,250,2182,0,2440,0,878,57100,62,1013,547,"BIRMINGHAM, AL",9.94563666604429,20.861,15.5737704918033,15.5737704918033,15.5737704918033,10.2459016393443,89.4262295081967,0,0,0,1,0,0,6.77764659363512,8.78,10.9525593956441,57.1,53.9980256663376
1,73,"01073014410","Census Tract 144.10, Jefferson County, Alabama",5036,45420,2497,73,55,2369,5036,3425,933,485,5036,97,1045,352200,22,2098,1292,"BIRMINGHAM, AL",10.7237078156595,45.42,2.92350820985182,2.92350820985182,2.92350820985182,68.010325655282,18.5266084193805,9.6306592533757,1.92613185067514,1,0,0,0,6.95177216439891,10.45,12.7719544750442,352.2,61.582459485224
1,73,"01073014413","Census Tract 144.13, Jefferson County, Alabama",9627,50841,4821,44,81,4696,9627,7725,1100,391,9627,170,1795,269900,21,3489,3253,"BIRMINGHAM, AL",10.8364583946615,50.841,0.912673719145406,0.912673719145406,0.912673719145406,80.243066375818,11.4261971538382,4.06149371559157,1.7658668328659,1,0,0,0,7.49276030092238,17.95,12.5058067990061,269.9,93.2358842075093
1,73,"01073010803","Census Tract 108.03, Jefferson County, Alabama",6426,28675,2869,165,49,2655,6426,3512,2822,45,6426,85,918,222400,44,2376,1852,"BIRMINGHAM, AL",10.2637809419976,28.675,5.75113279888463,5.75113279888463,5.75113279888463,54.6529723000311,43.9153439153439,0.700280112044818,1.32275132275132,1,0,0,0,6.82219739062049,9.18,12.3122328413586,222.4,77.9461279461279
1,73,"01073012703","Census Tract 127.03, Jefferson County, Alabama",6383,48886,2961,132,176,2653,6383,5680,366,123,6383,730,872,464000,19,2105,1463,"BIRMINGHAM, AL",10.7972463359032,48.886,4.45795339412361,4.45795339412361,4.45795339412361,88.9863700454332,5.73398088673038,1.92699357668808,11.4366285445715,1,0,0,0,6.77078942390898,8.72,13.0476398312084,464,69.5011876484561
1,73,"01073004800","Census Tract 48, Jefferson County, Alabama",2006,36875,934,46,74,814,2006,1856,126,16,2006,88,707,530000,65,1187,535,"BIRMINGHAM, AL",10.5152890936421,36.875,4.92505353319058,4.92505353319058,4.92505353319058,92.5224327018943,6.28115653040877,0.797607178464606,4.38683948155533,1,0,0,0,6.56103066589657,7.07,13.1806322855283,530,45.0716090985678
1,73,"01073004701","Census Tract 47.01, Jefferson County, Alabama",3981,37251,2744,244,220,2280,3981,3496,201,244,3981,461,723,248100,58,2306,772,"BIRMINGHAM, AL",10.525434069085,37.251,8.89212827988338,8.89212827988338,8.89212827988338,87.8171313740266,5.04898266767144,6.12911328811856,11.5800050238634,1,0,0,0,6.58340922215876,7.23,12.4215871696799,248.1,33.4778837814397
1,73,"01073004901","Census Tract 49.01, Jefferson County, Alabama",1136,27564,762,71,64,627,1136,872,173,56,1136,42,719,258900,75,832,143,"BIRMINGHAM, AL",10.2242658524771,27.564,9.31758530183727,9.31758530183727,9.31758530183727,76.7605633802817,15.2288732394366,4.92957746478873,3.69718309859155,1,0,0,0,6.57786135772105,7.19,12.4641971657396,258.9,17.1875
1,73,"01073014409","Census Tract 144.09, Jefferson County, Alabama",3356,32768,1672,79,66,1527,3356,2845,209,73,3356,191,1049,249700,46,1310,1009,"BIRMINGHAM, AL",10.3972077083992,32.768,4.72488038277512,4.72488038277512,4.72488038277512,84.7735399284863,6.22765196662694,2.17520858164482,5.69129916567342,1,0,0,0,6.9555926083963,10.49,12.4280154762679,249.7,77.0229007633588
1,73,"01073010802","Census Tract 108.02, Jefferson County, Alabama",3440,61782,1335,26,35,1274,3440,3419,21,0,3440,41,1432,753900,65,1185,1098,"BIRMINGHAM, AL",11.0313673388848,61.782,1.94756554307116,1.94756554307116,1.94756554307116,99.3895348837209,0.61046511627907,0,1.19186046511628,1,0,0,0,7.26682734752059,14.32,13.5330150121998,753.9,92.6582278481013
1,73,"01073004702","Census Tract 47.02, Jefferson County, Alabama",3580,50745,2185,141,173,1871,3580,3218,292,7,3580,119,701,356700,64,1952,1195,"BIRMINGHAM, AL",10.8345683698829,50.745,6.45308924485126,6.45308924485126,6.45308924485126,89.8882681564246,8.15642458100559,0.195530726256983,3.32402234636871,1,0,0,0,6.55250788703459,7.01,12.784650371347,356.7,61.219262295082
1,9,"01009050200","Census Tract 502, Blount County, Alabama",3317,25882,1437,84,107,1246,3317,3257,6,2,3317,461,637,125100,30,1278,1054,"BIRMINGHAM, AL",10.1613030253816,25.882,5.8455114822547,5.8455114822547,5.8455114822547,98.191136569189,0.180886343081097,0.0602954476936991,13.8981006933976,1,0,0,0,6.45676965557216,6.37,11.736868696455,125.1,82.472613458529
1,9,"01009050602","Census Tract 506.02, Blount County, Alabama",9550,33365,4148,54,167,3927,9550,9247,141,35,9550,76,626,152500,26,3330,3026,"BIRMINGHAM, AL",10.4152627253377,33.365,1.30183220829315,1.30183220829315,1.30183220829315,96.82722513089,1.47643979057592,0.366492146596859,0.795811518324607,1,0,0,0,6.4393503711001,6.26,11.9349198750296,152.5,90.8708708708709
1,9,"01009050101","Census Tract 501.01, Blount County, Alabama",7864,24418,3036,228,417,2391,7864,7246,299,8,7864,1444,647,122600,38,2819,1847,"BIRMINGHAM, AL",10.1030758442288,24.418,7.5098814229249,7.5098814229249,7.5098814229249,92.1414038657172,3.80213631739573,0.101729399796541,18.3621566632757,1,0,0,0,6.4723462945009,6.47,11.7166823024842,122.6,65.5196878325647
1,9,"01009050400","Census Tract 504, Blount County, Alabama",4689,23581,1710,166,109,1435,4689,4610,0,5,4689,217,584,100400,31,1809,1362,"BIRMINGHAM, AL",10.0681965820132,23.581,9.70760233918129,9.70760233918129,9.70760233918129,98.3152058008104,0,0.106632544252506,4.62785242055875,1,0,0,0,6.36990098282823,5.84,11.5169174862398,100.4,75.2902155887231
1,9,"01009050700","Census Tract 507, Blount County, Alabama",8845,23821,3000,148,164,2688,8845,8653,32,36,8845,221,643,116700,27,3088,2653,"BIRMINGHAM, AL",10.0783228235562,23.821,4.93333333333333,4.93333333333333,4.93333333333333,97.8292820802713,0.361786319954777,0.407009609949124,2.49858677218768,1,0,0,0,6.46614472423762,6.43,11.6673618182746,116.7,85.9132124352332
1,9,"01009050300","Census Tract 503, Blount County, Alabama",5025,20546,1618,137,116,1365,5025,4656,14,0,5025,823,571,89200,39,1902,1472,"BIRMINGHAM, AL",9.93042155377621,20.546,8.4672435105068,8.4672435105068,8.4672435105068,92.6567164179104,0.278606965174129,0,16.3781094527363,1,0,0,0,6.34738920965601,5.71,11.3986363185681,89.2,77.3922187171399
1,9,"01009050500","Census Tract 505, Blount County, Alabama",7250,19893,2333,130,229,1974,7250,6966,111,6,7250,470,552,111000,39,2483,1827,"BIRMINGHAM, AL",9.89812319003698,19.893,5.57222460351479,5.57222460351479,5.57222460351479,96.0827586206897,1.53103448275862,0.0827586206896552,6.48275862068965,1,0,0,0,6.31354804627709,5.52,11.6172854802945,111,73.5803463552155
1,9,"01009050102","Census Tract 501.02, Blount County, Alabama",7202,27177,2618,117,339,2162,7202,6642,275,0,7202,1300,652,173600,31,2575,1804,"BIRMINGHAM, AL",10.2101263063374,27.177,4.46906035141329,4.46906035141329,4.46906035141329,92.2243821160789,3.8183837822827,0,18.0505415162455,1,0,0,0,6.48004456192665,6.52,12.0645090812084,173.6,70.0582524271845
1,9,"01009050601","Census Tract 506.01, Blount County, Alabama",3962,24530,1450,91,94,1265,3962,3796,27,0,3962,24,1052,113100,25,1335,1209,"BIRMINGHAM, AL",10.1076521372525,24.53,6.27586206896552,6.27586206896552,6.27586206896552,95.8101968702675,0.681474003028773,0,0.60575466935891,1,0,0,0,6.95844839329766,10.52,11.6360276621042,113.1,90.561797752809
