"st","cty","GEOID","NAME","popData","incomeData","pov100","pov149","pov150","medRent","medValue","medAge","tenureUniverse","tenureOwn","com10","com20","com30","com40","com60","bed0","bed1","bed2","bed3","bed4","bed5","completePlumb","completeKitch","edHighSchool","edSomeColl","edBach","zeroCar","grapi","NAME2","GEOID2","city","logInc","thouInc","pct100","pct149","pct150","pctWht","pctBlk","pctAsn","pluWht","pctHisp","pluBlk","pluAsn","pluHisp","logMedRent","hunMedRent","logHousVal","thouHousVal","pctOwn","comBl10","pctUnemp","edGrad","singParentHH"
39,17,"39017001100","Census Tract 11, Butler County, Ohio",4485,22984,135,215,1581,746,78400,77,1852,831,23.6536430834213,21.805702217529,21.805702217529,16.8954593453009,4.69904963041183,2.26654578422484,17.3164097914778,44.5602901178604,29.8277425203989,4.66908431550317,1.3599274705349,99.5140388768899,111.933045356371,47.4328459707582,16.7630057803468,8.56851411084665,11.9330453563715,30,"Census Tract 11, Butler County, Ohio","39017001100","HAMILTON-MIDDLETOWN, OH",10.0425536006591,22.984,6.99119627136199,11.1341273951321,81.874676333506,87.2463768115942,6.04236343366778,1.11482720178372,NA,1.31549609810479,0,0,0,6.61472560020376,7.46,11.2695792063385,78.4,44.8704103671706,11.1404435058078,6.42201834862385,3.87623257395444,29.8056155507559
39,17,"39017011128","Census Tract 111.28, Butler County, Ohio",3093,49444,0,0,1610,998,279700,26,1167,1058,33.1506849315069,23.2876712328767,13.3561643835616,18.7671232876712,1.36986301369863,0,0,26.7156862745098,23.0392156862745,37.4183006535948,12.8267973856209,100,104.884318766067,12.9826254826255,13.1756756756757,38.2239382239382,3.17052270779777,32.5,"Census Tract 111.28, Butler County, Ohio","39017011128","HAMILTON-MIDDLETOWN, OH",10.8085959950077,49.444,0,0,100,78.3381829938571,9.79631425800194,10.4752667313288,NA,4.46168768186227,0,0,0,6.90575327631146,9.98,12.5414728791901,279.7,90.6598114824336,10.0684931506849,6.22171945701357,25.9169884169884,12.2536418166238
39,17,"39017014900","Census Tract 149, Butler County, Ohio",5109,37183,60,60,2535,629,157200,47,1918,1542,20.8709297763829,25.500196155355,30.1294625343272,17.6932130247156,1.68693605335426,1.52983171851096,11.9836817950025,15.3493115757267,37.7358490566038,30.188679245283,3.21264660887302,99.5828988529719,100.886339937435,36.6636391159552,19.4974265818952,19.8304571601574,3.44108446298227,27.4,"Census Tract 149, Butler County, Ohio","39017014900","HAMILTON-MIDDLETOWN, OH",10.5236069465625,37.183,2.25988700564972,2.25988700564972,95.4802259887006,97.2401644157369,2.19220982579761,0,NA,0.469759248385203,0,0,0,6.44413125670044,6.29,11.9652741589772,157.2,80.3962460896768,4.11926245586505,4.8780487804878,9.38540720557069,5.47445255474453
39,17,"39017015000","Census Tract 150, Butler County, Ohio",7647,30315,45,72,3603,856,167400,44,2703,2496,31.787521079258,18.2686902754356,17.7908937605396,23.80550871276,3.96290050590219,1.07667210440457,0.619902120717781,17.4551386623165,60.6851549755302,16.9004893964111,3.2626427406199,100,107.177210506844,42.9570981403057,24.0287239918984,11.98674277297,2.58971513133555,22.2,"Census Tract 150, Butler County, Ohio","39017015000","HAMILTON-MIDDLETOWN, OH",10.3193979185058,30.315,1.20967741935484,1.93548387096774,96.8548387096774,97.6199816921669,1.67385902968484,0.313848568065908,NA,2.68078985222963,0,0,0,6.75227037614174,8.56,12.0281414370375,167.4,92.3418423973363,4.38448566610455,3.06254866337918,4.91622169029645,8.43507214206437
39,17,"39017011116","Census Tract 111.16, Butler County, Ohio",8561,44229,60,37,3989,NA,245100,22,2417,2378,21.9895287958115,31.463475442533,19.9950137122912,16.2552979306906,2.79232111692845,1.26971912273952,0,1.50057714505579,15.0827241246633,73.7976144671027,8.34936514043863,100,107.52999586264,8.00248138957816,19.0653432588916,41.1290322580645,0.57923045097228,NA,"Census Tract 111.16, Butler County, Ohio","39017011116","HAMILTON-MIDDLETOWN, OH",10.6971359615179,44.229,1.46842878120411,0.905531081742535,97.6260401370534,80.0607405676907,6.88003737881089,7.28886812288284,NA,1.5068333138652,0,0,0,NA,NA,12.4094215695162,245.1,98.3864294580058,7.5043630017452,1.50322118826056,22.8287841191067,3.72362432767894
39,17,"39017011127","Census Tract 111.27, Butler County, Ohio",4741,39888,50,39,2370,1079,199300,26,1562,1475,26.9065981148243,25.3641816623822,19.1945158526135,8.95458440445587,4.71293916023993,0,0,13.9520202020202,22.7272727272727,52.2727272727273,11.0479797979798,100,101.408450704225,18.2673588578845,20.4088254380273,30.3698896820247,0.89628681177977,24,"Census Tract 111.27, Butler County, Ohio","39017011127","HAMILTON-MIDDLETOWN, OH",10.5938308057633,39.888,2.03334688897926,1.58601057340382,96.3806425376169,86.4163678548829,5.37861210715039,6.79181607255853,NA,2.74203754482177,0,0,0,6.98378996525813,10.79,12.2025665062009,199.3,94.4302176696543,14.8671808054841,3.33980582524272,17.975340687865,9.15492957746479
39,17,"39017000400","Census Tract 4, Butler County, Ohio",4344,14762,398,180,709,745,45700,79,1158,371,37.7638780297107,26.7396403440188,16.1063330727131,7.1931196247068,1.72009382329945,2.56257449344458,17.222884386174,42.6102502979738,20.4410011918951,15.3754469606675,1.78784266984505,100,124.611398963731,44.4923559388475,14.3081144649157,3.52802822422579,17.5302245250432,34.7,"Census Tract 4, Butler County, Ohio","39017000400","HAMILTON-MIDDLETOWN, OH",9.59981159033,14.762,30.9246309246309,13.986013986014,55.0893550893551,67.1040515653775,23.9410681399632,0.161141804788214,NA,17.0810313075506,0,0,0,6.61338421837956,7.45,10.7298535768823,45.7,32.0379965457686,10.4769351055512,16.4489311163895,0.980007840062721,35.4922279792746
39,17,"39017011117","Census Tract 111.17, Butler County, Ohio",11420,40384,234,112,5662,934,215000,21,3474,3134,21.8695194668537,25.1666082076464,19.5545422658716,19.6246930901438,5.01578393546124,0,1.16634268258817,8.63648986392669,33.9627881144127,46.8203276867537,9.4140516523188,100,103.655728267127,25.7759593679458,15.5756207674944,28.5694130925508,3.16637881404721,25.9,"Census Tract 111.17, Butler County, Ohio","39017011117","HAMILTON-MIDDLETOWN, OH",10.6061889459009,40.384,3.8948069241012,1.8641810918775,94.2410119840213,85.9807355516637,5.7968476357268,3.67775831873905,NA,5.86690017513135,0,0,0,6.83947643822884,9.34,12.2783933071098,215,90.2130109383995,8.76885303402315,2.6843467011643,14.122460496614,9.81577432354634
39,17,"39017011130","Census Tract 111.30, Butler County, Ohio",5133,38220,70,61,2509,967,221800,33,1955,1609,46.2864177267132,19.121871153057,11.3664341403365,6.89372178908494,1.7644645055396,0,3.75475285171103,32.4619771863118,18.8212927756654,36.0266159695817,8.93536121673004,100,107.621483375959,22.0258136924804,19.7530864197531,28.1986531986532,0.562659846547315,24,"Census Tract 111.30, Butler County, Ohio","39017011130","HAMILTON-MIDDLETOWN, OH",10.5511142177943,38.22,2.65151515151515,2.31060606060606,95.0378787878788,83.4015195791934,7.36411455289304,1.51957919345412,NA,10.9097993376193,0,0,0,6.87419849545329,9.67,12.3095313538984,221.8,82.3017902813299,14.5670906852688,3.0481087036357,15.5723905723906,9.36061381074169
39,17,"39017011131","Census Tract 111.31, Butler County, Ohio",2967,46402,23,22,1490,1919,242600,35,1070,990,44.0334961618981,25.6803907885555,8.16468946266574,6.00139567341242,1.74459176552687,0,0,5.79439252336449,17.9439252336449,70.3738317757009,5.88785046728972,100,100,15.41079241614,17.6470588235294,36.6067087992222,0,15.2,"Census Tract 111.31, Butler County, Ohio","39017011131","HAMILTON-MIDDLETOWN, OH",10.7450978407337,46.402,1.49837133550489,1.43322475570033,97.0684039087948,88.2709807886754,6.50488709133805,2.59521402089653,NA,1.24705089315807,0,0,0,7.5595594960077,19.19,12.3991692754921,242.6,92.5233644859813,14.3754361479414,5.43608124253285,24.7933884297521,4.57943925233645
39,17,"39017011110","Census Tract 111.10, Butler County, Ohio",5459,37035,20,9,2807,1658,182400,42,1918,1883,35.6789653860784,25.5990871053633,16.8885507797642,9.35717002662609,3.95587675922404,0,0,5.57830092118731,41.914022517912,44.0122824974411,8.49539406345957,99.5828988529719,101.459854014599,25.5919127427507,17.7440808725725,28.2787975525406,2.13764337851929,22.9,"Census Tract 111.10, Butler County, Ohio","39017011110","HAMILTON-MIDDLETOWN, OH",10.5196186904474,37.035,0.705218617771509,0.317348377997179,98.9774330042313,92.7459241619344,3.5171276790621,1.85015570617329,NA,0.970873786407767,0,0,0,7.41336733569524,16.58,12.1139573566224,182.4,98.1751824817518,8.52034994294408,4.33057851239669,16.7863793562118,11.0010427528676
39,17,"39017011129","Census Tract 111.29, Butler County, Ohio",3926,49507,56,50,2015,1351,213000,32,1492,1342,30.9548254620123,25.4620123203285,20.482546201232,14.1170431211499,1.3347022587269,0,0,11.9063109954457,36.3044892648016,45.6733897202342,6.11581001951854,100,103.016085790885,17.8531494595602,17.2940737979873,38.5389489377562,1.20643431635389,35.9,"Census Tract 111.29, Butler County, Ohio","39017011129","HAMILTON-MIDDLETOWN, OH",10.8098693527002,49.507,2.64026402640264,2.35737859500236,95.002357378595,84.3352012226184,7.6413652572593,3.69332654100866,NA,5.17065715741212,0,0,0,7.2086003379602,13.51,12.2690474446916,213,89.9463806970509,7.64887063655031,2.65646105357947,17.2195303764443,9.85254691689008
39,17,"39017000100","Census Tract 1, Butler County, Ohio",5240,26574,137,149,2040,835,95500,63,2029,1483,30.3687635574837,29.41431670282,13.1887201735358,10.3687635574837,4.90238611713666,2.10237659963437,3.88482632541133,33.363802559415,48.3546617915905,10.3747714808044,1.91956124314442,99.3100049285362,106.702809265648,48.2600732600733,22.0695970695971,6.5018315018315,3.30211927057664,27.4,"Census Tract 1, Butler County, Ohio","39017000100","HAMILTON-MIDDLETOWN, OH",10.1876885731513,26.574,5.88993981083405,6.40584694754944,87.7042132416165,87.5,8.47328244274809,0.725190839694656,NA,3.09160305343511,0,0,0,6.72743172485086,8.35,11.4668815264688,95.5,73.0901922129128,11.7570498915401,6.5865943432778,2.53357753357753,26.9590931493346
39,17,"39017011111","Census Tract 111.11, Butler County, Ohio",6984,36824,56,0,3538,1646,192700,31,2457,2124,29.2766934557979,28.6739380022962,13.5189437428243,10.1894374282434,4.13318025258324,0,4.76753349093775,6.57998423955871,35.9338061465721,48.8967691095351,3.82190701339638,100,103.296703296703,25.7160777754547,17.4158477942714,26.3223918043069,4.5991045991046,30.9,"Census Tract 111.11, Butler County, Ohio","39017011111","HAMILTON-MIDDLETOWN, OH",10.5139050854971,36.824,1.55815247634947,0,98.4418475236505,86.31156930126,2.44845360824742,9.37857961053837,NA,1.26002290950745,0,0,0,7.40610338123702,16.46,12.1688898544025,192.7,86.4468864468865,14.2078071182549,2.74593441748867,16.0150533138198,13.5938135938136
39,17,"39017001300","Census Tract 13, Butler County, Ohio",4612,31897,93,8,2043,771,142400,53,1756,1336,33.7320574162679,16.5071770334928,20.1913875598086,12.6794258373206,5.35885167464115,5.16431924882629,7.61606677099635,22.0135628586333,39.697443922796,19.9269692227439,5.58163797600417,100,103.473804100228,33.2259104092813,21.7209152433129,21.1408314534322,4.72665148063781,36.1,"Census Tract 13, Butler County, Ohio","39017001300","HAMILTON-MIDDLETOWN, OH",10.3702672404634,31.897,4.33768656716418,0.373134328358209,95.2891791044776,97.5715524718127,1.27927146574154,0.715524718126626,NA,0.823937554206418,0,0,0,6.64768837356333,7.71,11.86639527796,142.4,76.0820045558087,11.5311004784689,7.94044665012407,11.1504995165968,12.5284738041002
39,17,"39017000500","Census Tract 5, Butler County, Ohio",4391,18367,219,215,1247,722,71300,67,1665,681,35.9975961538462,22.2355769230769,9.61538461538462,6.97115384615385,6.31009615384615,0.3003003003003,23.5735735735736,41.2912912912913,31.1311311311311,3.003003003003,0.700700700700701,100,113.273273273273,52.9197080291971,15.2189781021898,2.37226277372263,10.3903903903904,31.2,"Census Tract 5, Butler County, Ohio","39017000500","HAMILTON-MIDDLETOWN, OH",9.81831085512854,18.367,13.0279595478882,12.79000594884,74.1820345032719,88.2259166476885,4.28148485538602,1.25256205875655,NA,2.73286267365065,0,0,0,6.58202513889283,7.22,11.1746516064024,71.3,40.9009009009009,18.8701923076923,14.7147147147147,0.985401459854015,27.8078078078078
39,17,"39017000300","Census Tract 3, Butler County, Ohio",3366,16087,279,89,808,578,67300,79,1293,488,34.5581802274716,29.4838145231846,12.3359580052493,10.323709536308,2.18722659667542,1.77890724269377,10.4193138500635,38.2465057179161,39.8348157560356,8.70393900889454,1.01651842439644,100,105.336426914153,52.3899668717463,21.9119734973971,4.73260766682442,26.2180974477958,38.9,"Census Tract 3, Butler County, Ohio","39017000300","HAMILTON-MIDDLETOWN, OH",9.68576677139031,16.087,23.7244897959184,7.56802721088435,68.7074829931973,37.7005347593583,47.4747474747475,0,NA,10.2495543672014,1,0,0,6.35957386867238,5.78,11.1169155156328,67.3,37.7416860015468,11.1111111111111,21.2261041529334,0.89919545669664,37.200309358082
39,17,"39017000200","Census Tract 2, Butler County, Ohio",4391,23504,151,148,1647,738,83300,79,1724,1081,33.9378238341969,13.9378238341969,20.1554404145078,20.0518134715026,3.16062176165803,0.421052631578947,14.2105263157895,53.1578947368421,21.4736842105263,10.7368421052632,0,100,107.018561484919,37.859097127223,21.1012311901505,10.8071135430917,8.17865429234339,31.7,"Census Tract 2, Butler County, Ohio","39017000200","HAMILTON-MIDDLETOWN, OH",10.0649258984137,23.504,7.75950668036999,7.60534429599178,84.6351490236382,89.9111819631064,4.71418811204737,1.95855158278296,NA,5.6706900478251,0,0,0,6.60394382460047,7.38,11.3302038281549,83.3,62.7030162412993,8.75647668393782,10.7288365776369,2.94117647058824,18.2714617169374
39,17,"39017011126","Census Tract 111.26, Butler County, Ohio",5529,30708,245,145,2490,858,225200,32,2034,818,36.5699404761905,20.9077380952381,13.2440476190476,9.52380952380952,3.94345238095238,0.66006600660066,14.8986327204149,37.7180575200377,8.53371051390853,30.0801508722301,8.10938236680811,100,103.588987217306,27.3651771956857,17.2573189522342,28.7211093990755,7.37463126843658,26.4,"Census Tract 111.26, Butler County, Ohio","39017011126","HAMILTON-MIDDLETOWN, OH",10.3322784859478,30.708,8.50694444444444,5.03472222222222,86.4583333333333,76.1801410743353,5.35359016096943,13.0222463374932,NA,6.65581479471876,0,0,0,6.75460409948796,8.58,12.3247441752477,225.2,40.2163225172075,15.8110119047619,1.43737166324435,15.1309707241911,20.3048180924287
39,17,"39017014800","Census Tract 148, Butler County, Ohio",7028,27315,162,246,2482,938,101300,59,2779,2137,18.1947405828003,25.7640369580668,15.1741293532338,18.3368869936034,6.28997867803838,0.661375661375661,0,21.4285714285714,63.9219576719577,13.1613756613757,0.826719576719577,100,108.09643756747,44.817394975723,22.9892336922103,14.3339666455563,7.30478589420655,37.2,"Census Tract 148, Butler County, Ohio","39017014800","HAMILTON-MIDDLETOWN, OH",10.2151912808298,27.315,5.60553633217993,8.5121107266436,85.8823529411765,87.2509960159363,8.13887307911212,0.76835515082527,NA,3.44336937962436,0,0,0,6.84374994900622,9.38,11.5258416902368,101.3,76.8981648074847,16.2402274342573,5.5784469096672,3.60987967067764,29.2551277437927
39,17,"39017000600","Census Tract 6, Butler County, Ohio",5181,19662,402,144,1481,835,70700,79,1758,922,28.0163599182004,23.6707566462168,24.3865030674847,8.28220858895705,5.93047034764826,2.01703272075303,11.5643209323173,40.0717167189601,36.4858807709547,9.45764231286419,0.403406544150605,100,113.310580204778,38.1382316313823,19.3337484433375,5.66625155666252,8.30489192263936,33.4,"Census Tract 6, Butler County, Ohio","39017000600","HAMILTON-MIDDLETOWN, OH",9.88644311792687,19.662,19.8322644301924,7.10409472126295,73.0636408485446,86.0258637328701,9.14881297046902,0,NA,6.52383709708551,0,0,0,6.72743172485086,8.35,11.1662008518847,70.7,52.4459613196815,9.71370143149284,10.1104502973662,3.14445828144458,29.1240045506257
39,17,"39017012500","Census Tract 125, Butler County, Ohio",4635,31891,102,29,2108,800,139400,42,1986,1626,18.1241504304486,33.212505663797,12.4150430448573,9.37924784775714,1.81241504304486,0,6.90582959641256,14.9775784753363,53.4977578475336,20.5381165919283,4.08071748878924,100,108.459214501511,23.6229415105054,20.4145371947757,26.007950028393,1.15810674723061,19.7,"Census Tract 125, Butler County, Ohio","39017012500","HAMILTON-MIDDLETOWN, OH",10.3700791173049,31.891,4.55560518088432,1.29522108083966,94.149173738276,84.4444444444444,5.78209277238403,5.30744336569579,NA,1.63969795037756,0,0,0,6.68461172766793,8,11.8451027773086,139.4,81.8731117824773,25.0566379700952,7.61175996778091,11.130039750142,15.9113796576032
39,17,"39017010203","Census Tract 102.03, Butler County, Ohio",5610,34506,122,98,2573,761,226400,35,1957,1840,16.8742921857305,15.4020385050963,21.5175537938845,31.6723291808229,7.6632691581729,0,0.344997535731888,9.4627895515032,66.5352390340069,21.389847215377,2.26712666338098,100,101.584057230455,43.8887403048944,18.5343674779353,15.0575020058839,1.17526826775677,20.6,"Census Tract 102.03, Butler County, Ohio","39017010203","HAMILTON-MIDDLETOWN, OH",10.4488885009418,34.506,4.36806301467956,3.50877192982456,92.1231650554959,98.270944741533,0,0,NA,0,0,0,0,6.63463335786169,7.61,12.3300586253112,226.4,94.0214614205416,6.87051717629294,4.58715596330275,6.01765177855041,14.8185998978028
39,17,"39017001002","Census Tract 10.02, Butler County, Ohio",5255,26015,122,159,1834,637,152900,41,2344,1323,22.9633158646975,17.8180085755121,17.7227251071939,14.3878037160553,8.9566460219152,8.25132475397426,7.57002271006813,38.2664647993944,29.220287660863,14.9129447388342,1.77895533686601,100,109.300341296928,37.5302013422819,22.738255033557,17.3154362416107,14.6331058020478,25.8,"Census Tract 10.02, Butler County, Ohio","39017001002","HAMILTON-MIDDLETOWN, OH",10.1664285737244,26.015,5.76832151300236,7.5177304964539,86.7139479905437,91.9505233111323,6.03235014272122,0,NA,1.14176974310181,0,0,0,6.45676965557216,6.37,11.9375393919172,152.9,56.4419795221843,18.151500714626,3.56385235468816,5.63758389261745,14.0784982935154
39,17,"39017011125","Census Tract 111.25, Butler County, Ohio",3806,36260,77,53,1967,934,221400,26,1339,1247,20.3923593185338,34.1249354672173,20.6504904491482,12.0289106866288,1.03252452245741,0.513573000733676,0,15.6272927366104,31.0344827586207,48.569332355099,4.25531914893617,100,101.792382374907,20.9552017771196,15.2165864494632,34.6538319141059,0,23.4,"Census Tract 111.25, Butler County, Ohio","39017011125","HAMILTON-MIDDLETOWN, OH",10.4984704843088,36.26,3.67191225560324,2.52742012398665,93.8006676204101,82.816605359958,2.91644771413558,10.6148187073043,NA,2.78507619548082,0,0,0,6.83947643822884,9.34,12.3077262992567,221.4,93.1292008961912,11.7707795560145,1.35514018691589,15.5497963717142,9.33532486930545
39,17,"39017011300","Census Tract 113, Butler County, Ohio",5384,31477,67,124,2304,799,163300,19,1767,1312,28.031985784096,30.4309195912928,15.5486450466459,10.7507774322523,8.17414482452243,3.97111913357401,5.15729757607014,17.4316658071171,48.9943269726663,23.310985043837,1.13460546673543,100,104.074702886248,35.8127512923607,22.9753015508329,16.6858127512924,4.98019241652518,29.9,"Census Tract 113, Butler County, Ohio","39017011300","HAMILTON-MIDDLETOWN, OH",10.3570123993879,31.477,2.68537074148297,4.96993987975952,92.3446893787575,89.5802377414562,3.32466567607727,2.04309063893016,NA,10.1968796433878,0,0,0,6.68336094576627,7.99,12.0033442789586,163.3,74.2501414827391,7.06352732119058,4.12410139992433,4.04939689833429,15.5631013016412
39,17,"39017010202","Census Tract 102.02, Butler County, Ohio",4050,32468,23,24,2214,955,198000,44,1670,1479,30.7231920199501,13.4663341645885,14.9127182044888,17.356608478803,6.33416458852868,0,6.82314410480349,16.5393013100437,56.2772925764192,17.6310043668122,2.7292576419214,99.940119760479,109.640718562874,35.2508361204013,21.4046822742475,17.6923076923077,4.31137724550898,29.8,"Census Tract 102.02, Butler County, Ohio","39017010202","HAMILTON-MIDDLETOWN, OH",10.3880102678811,32.468,1.0172490048651,1.06147722246793,97.921273772667,97.8518518518519,0.0987654320987654,0.518518518518518,NA,0.246913580246914,0,0,0,6.86171134048073,9.55,12.1960223096767,198,88.562874251497,17.2069825436409,2.002556455049,13.1438127090301,5.98802395209581
39,17,"39017010500","Census Tract 105, Butler County, Ohio",2357,20954,55,87,726,918,73500,61,807,468,14.5958986731001,19.9034981905911,28.9505428226779,20.1447527141134,4.22195416164053,0,5.48977395048439,33.692142088267,48.3315392895587,8.93433799784715,3.55220667384284,99.6282527881041,109.169764560099,48.1266149870801,15.374677002584,3.29457364341085,6.44361833952912,35.4,"Census Tract 105, Butler County, Ohio","39017010500","HAMILTON-MIDDLETOWN, OH",9.95008483791291,20.954,6.33640552995392,10.0230414746544,83.6405529953917,96.6482817140433,1.90920661858294,0,NA,6.23674162070428,0,0,0,6.82219739062049,9.18,11.2050406852009,73.5,57.9925650557621,12.183353437877,11.4533205004812,2.71317829457364,23.9157372986369
39,17,"39017010104","Census Tract 101.04, Butler County, Ohio",4970,2648,8,0,0,1156,NA,17,30,7,39.7108843537415,8.33333333333333,0,0,0.680272108843537,0,0,8.69565217391304,32.6086956521739,58.695652173913,0,100,153.333333333333,0,54.5454545454545,0,0,50,"Census Tract 101.04, Butler County, Ohio","39017010104","HAMILTON-MIDDLETOWN, OH",7.8815599170569,2.648,100,0,0,87.5050301810865,4.36619718309859,6.72032193158954,NA,2.65593561368209,0,0,0,7.05272104923232,11.56,NA,NA,23.3333333333333,51.2755102040816,8.36139169472503,45.4545454545455,0
39,17,"39017012400","Census Tract 124, Butler County, Ohio",2379,31388,10,46,1071,1343,161500,43,998,899,31.651376146789,18.348623853211,14.3119266055046,13.394495412844,5.22935779816514,0,2.59365994236311,16.5225744476465,44.3804034582133,35.4466858789625,1.0566762728146,100,104.308617234469,31.745182012848,20.5567451820128,24.0364025695932,2.80561122244489,20,"Census Tract 124, Butler County, Ohio","39017012400","HAMILTON-MIDDLETOWN, OH",10.3541809332474,31.388,0.887311446317657,4.08163265306122,95.0310559006211,96.1748633879781,2.73224043715847,0.504413619167718,NA,1.13493064312736,0,0,0,7.20266119652324,13.43,11.9922604216448,161.5,90.0801603206413,17.0642201834862,3.50291909924937,10.0642398286938,10.0200400801603
39,17,"39017011200","Census Tract 112, Butler County, Ohio",8076,38877,118,49,3695,904,160500,25,2978,2117,26.0195758564437,24.7417074497009,18.189233278956,10.1413811854269,8.37411636759108,2.54858235106722,2.2937241159605,22.84166932144,45.5559095253265,21.1213762344696,5.63873845173622,100,103.089321692411,27.0128354725788,25.4570206145469,25.1264099572151,3.8280725319006,26.2,"Census Tract 112, Butler County, Ohio","39017011200","HAMILTON-MIDDLETOWN, OH",10.5681580951035,38.877,3.05541170378042,1.26877265665458,95.675815639565,91.6790490341753,4.135710747895,1.91926696384349,NA,2.27835562159485,0,0,0,6.80682936039218,9.04,11.9860492215522,160.5,71.0879785090665,12.5339858618815,7.07410972088547,9.15985997666278,14.8757555406313
39,17,"39017014600","Census Tract 146, Butler County, Ohio",976,14324,51,78,150,576,53300,79,398,64,28.3687943262411,23.4042553191489,4.25531914893617,11.7021276595745,6.38297872340426,7.03125,39.453125,33.59375,14.6484375,4.296875,0.9765625,96.2311557788945,112.814070351759,41.0150891632373,19.6159122085048,5.21262002743484,39.1959798994975,33,"Census Tract 146, Butler County, Ohio","39017014600","HAMILTON-MIDDLETOWN, OH",9.56969173111832,14.324,18.2795698924731,27.9569892473118,53.763440860215,82.0696721311475,11.6803278688525,0.102459016393443,NA,7.37704918032787,0,0,0,6.35610766069589,5.76,10.8836916101539,53.3,16.0804020100502,25.886524822695,15.9340659340659,0.548696844993141,18.8442211055276
39,17,"39017010910","Census Tract 109.10, Butler County, Ohio",4641,35313,57,44,2238,796,203600,30,1831,1482,23.7070938215103,17.162471395881,23.8901601830664,17.7116704805492,4.25629290617849,0.395843641761504,10.4403760514597,19.5447798119743,25.4824344383968,40.1286491835725,4.00791687283523,100,109.175314036046,20.0246078129806,21.0089203322055,32.8206705629037,6.66302566903332,33.2,"Census Tract 109.10, Butler County, Ohio","39017010910","HAMILTON-MIDDLETOWN, OH",10.4720064470806,35.313,2.43693886276186,1.88114578879863,95.6819153484395,85.5419090713208,10.5580693815988,2.60719672484378,NA,3.25360913596208,0,0,0,6.67959918584438,7.96,12.2239125636585,203.6,80.9393773894047,13.2723112128146,3.05343511450382,12.6422639187942,9.01146914254506
39,17,"39017010600","Census Tract 106, Butler County, Ohio",3661,28656,30,155,1613,915,129800,49,1349,951,19.4012665515256,35.5210132412205,21.4162348877375,8.23258491652274,6.56303972366149,1.23541523678792,0.754975978037062,29.1695264241592,53.2601235415237,14.1386410432395,1.44131777625257,100,108.005930318755,50.628092881614,21.0125618576323,5.78606775789874,1.40845070422535,22.1,"Census Tract 106, Butler County, Ohio","39017010600","HAMILTON-MIDDLETOWN, OH",10.2631181243005,28.656,1.66852057842047,8.62068965517241,89.7107897664071,92.8981152690522,0.327779295274515,0.136574706364381,NA,3.38705271783666,0,0,0,6.81892406527552,9.15,11.7737500832521,129.8,70.4966641957005,8.86586067933218,6.0385216033316,3.38789493719071,14.3068939955523
39,17,"39017012300","Census Tract 123, Butler County, Ohio",2170,24773,134,70,765,729,72900,62,843,544,31.7377731529657,29.2403746097815,19.2507804370447,10.7180020811655,0.936524453694069,4.69061876247505,3.59281437125748,39.7205588822355,37.9241516966068,12.0758483033932,1.99600798403194,100,105.812574139976,43.0264993026499,20.3626220362622,5.43933054393306,3.3214709371293,25,"Census Tract 123, Butler County, Ohio","39017012300","HAMILTON-MIDDLETOWN, OH",10.1175096294008,24.773,13.828689370485,7.22394220846233,78.9473684210526,94.1935483870968,4.10138248847926,0,NA,0.691244239631336,0,0,0,6.59167373200866,7.29,11.1968439179968,72.9,64.5314353499407,8.11654526534859,9.15750915750916,3.41701534170153,26.8090154211151
39,17,"39017013200","Census Tract 132, Butler County, Ohio",3795,13152,205,134,872,743,61600,75,1206,503,39.04052936311,22.5806451612903,17.7005789909016,5.21091811414392,2.48138957816377,1.62659123055163,6.36492220650637,52.1923620933522,32.8854314002829,5.7991513437058,1.13154172560113,100,109.950248756219,46.9689958352615,14.4840351689033,4.90513651087459,18.6567164179104,34.9,"Census Tract 132, Butler County, Ohio","39017013200","HAMILTON-MIDDLETOWN, OH",9.48432911729596,13.152,16.9281585466557,11.065235342692,72.0066061106523,78.3399209486166,10.935441370224,0,NA,6.71936758893281,0,0,0,6.61069604471776,7.43,11.0284171495216,61.6,41.7081260364842,12.9859387923904,17.5919732441472,2.4988431281814,40.2985074626866
39,17,"39017011800","Census Tract 118, Butler County, Ohio",5987,36780,48,31,2964,1278,130300,36,2051,1549,20.7219251336898,29.177807486631,16.4438502673797,20.822192513369,9.22459893048128,0,2,13.5714285714286,62.1428571428571,19.3333333333333,2.95238095238095,100,102.389078498294,42.4778761061947,23.9443742098609,9.88621997471555,3.36421257922964,30.3,"Census Tract 118, Butler County, Ohio","39017011800","HAMILTON-MIDDLETOWN, OH",10.5127094981583,36.78,1.57739073282944,1.01873151495235,97.4038777522182,95.7240688157675,2.20477701686988,0,NA,2.97310840153666,0,0,0,7.15305163493748,12.78,11.7775947631129,130.3,75.5241345685032,3.6096256684492,4.46841294298921,5.43615676359039,10.8727450024378
39,17,"39017010904","Census Tract 109.04, Butler County, Ohio",3501,28308,32,43,1731,870,118500,60,1413,1089,28.7167891464104,18.824194460147,20.8027133973997,11.079706048615,2.03504804974562,0,2.46273493195075,32.7932598833441,55.7355800388853,7.25858716785483,1.749837977965,100,109.200283085633,41.2717699473471,23.2077764277035,7.97893884163629,1.3446567586695,26.8,"Census Tract 109.04, Butler County, Ohio","39017010904","HAMILTON-MIDDLETOWN, OH",10.2508997291957,28.308,1.7718715393134,2.38095238095238,95.8471760797342,89.7457869180234,4.77006569551557,0,NA,3.3704655812625,0,0,0,6.76849321164863,8.7,11.6826682395573,118.5,77.0700636942675,18.5415488976823,3.9917055469155,8.34345889023896,14.6496815286624
39,17,"39017010301","Census Tract 103.01, Butler County, Ohio",4527,26250,108,122,1888,1119,169400,42,1712,1477,19.960765080922,24.816086316822,16.7238842569887,19.8626777832271,11.8195193722413,0,0.489130434782609,18.9130434782609,61.4130434782609,15.5978260869565,3.58695652173913,100,105.140186915888,44.9090909090909,19.6666666666667,10.7272727272727,1.92757009345794,31.3,"Census Tract 103.01, Butler County, Ohio","39017010301","HAMILTON-MIDDLETOWN, OH",10.1754212680198,26.25,5.09915014164306,5.76015108593012,89.1406987724268,95.9134084382593,0,0.15462778882262,NA,0.640600839407996,0,0,0,7.02019070831193,11.19,12.0400180612001,169.4,86.2733644859813,6.81706718979892,5.89239965841161,4.63636363636364,11.9158878504673
39,17,"39017013300","Census Tract 133, Butler County, Ohio",1942,30097,32,20,804,902,108300,64,852,713,12.3486682808717,43.4624697336562,9.20096852300242,9.44309927360775,3.6319612590799,2.68041237113402,5.05154639175258,25.1546391752577,51.5463917525773,12.5773195876289,2.98969072164948,100,111.267605633803,24.0765171503958,22.6253298153034,23.1530343007916,5.51643192488263,26.2,"Census Tract 133, Butler County, Ohio","39017013300","HAMILTON-MIDDLETOWN, OH",10.3121807779957,30.097,3.73831775700935,2.33644859813084,93.9252336448598,95.4685890834191,0.566426364572606,1.02986611740474,NA,5.04634397528321,0,0,0,6.80461452006262,9.02,11.5926604329891,108.3,83.6854460093897,21.9128329297821,5.2518756698821,8.44327176781003,11.2676056338028
39,17,"39017014700","Census Tract 147, Butler County, Ohio",3914,21807,85,142,1557,835,85100,79,1495,641,16.2556053811659,19.0582959641256,28.8116591928251,12.9484304932735,9.47309417040359,1.34698275862069,9.05172413793103,33.9978448275862,43.0495689655172,8.4051724137931,4.14870689655172,100,113.311036789298,44.103248776146,21.9848687138407,9.12327547841567,12.7090301003344,29,"Census Tract 147, Butler County, Ohio","39017014700","HAMILTON-MIDDLETOWN, OH",9.98998629815275,21.807,4.76457399103139,7.95964125560538,87.2757847533632,85.8456821665815,10.6285130301482,0,NA,3.47470618293306,0,0,0,6.72743172485086,8.35,11.3515823145615,85.1,42.876254180602,13.4529147982063,10.9099804305284,2.98175344904317,37.056856187291
39,17,"39017011002","Census Tract 110.02, Butler County, Ohio",12724,38696,117,57,6786,1656,174200,21,4212,3953,25.6997455470738,24.5621912887292,15.3270468492741,19.0240981888939,3.60724442448735,0,0,5.19745801180209,51.6114389468906,37.8120744439401,5.37902859736723,100,104.605887939221,28.143495591255,24.8580746466965,19.5434231187341,0.997150997150997,26.3,"Census Tract 110.02, Butler County, Ohio","39017011002","HAMILTON-MIDDLETOWN, OH",10.5634915145028,38.696,1.68103448275862,0.818965517241379,97.5,91.4885256208739,8.04778371581264,0,NA,1.0295504558315,0,0,0,7.4121603349452,16.56,12.0679593434005,174.2,93.8509021842355,11.7796737015417,1.54709748083242,14.3495591254982,4.32098765432099
39,17,"39017011123","Census Tract 111.23, Butler County, Ohio",4949,23104,362,301,1666,850,57800,28,1822,820,40.4385964912281,26.0087719298246,6.79824561403509,5.08771929824561,5.87719298245614,0,9.74212034383954,54.8710601719198,29.6084049665712,5.44412607449857,0.334288443170965,100,113.611416026345,41.3596784996651,22.9738780977897,16.2089752176825,7.9582875960483,33.1,"Census Tract 111.23, Butler County, Ohio","39017011123","HAMILTON-MIDDLETOWN, OH",10.0477610416926,23.104,15.5431515671962,12.9240017174753,71.5328467153285,54.6575065669832,30.309153364316,3.6573045059608,NA,25.6415437462114,0,0,0,6.74523634948436,8.5,10.9647440546605,57.8,45.0054884742042,15.7894736842105,8.25581395348837,2.27729403884796,31.9429198682766
39,17,"39017011118","Census Tract 111.18, Butler County, Ohio",3374,50738,42,52,1354,1377,382700,14,1265,814,24.2072699149265,36.6589327146172,15.9319412219644,14.5398298530549,1.54679040989946,0,13.9920948616601,25.3754940711462,16.6798418972332,35.5731225296443,8.37944664031621,100,100,9.41176470588235,24.7930283224401,34.161220043573,14.1501976284585,24.1,"Census Tract 111.18, Butler County, Ohio","39017011118","HAMILTON-MIDDLETOWN, OH",10.8344304157426,50.738,2.90055248618785,3.59116022099448,93.5082872928177,85.9217545939538,5.27563722584469,3.6751630112626,NA,2.04505038529935,0,0,0,7.22766249872865,13.77,12.8550066714138,382.7,64.3478260869565,7.11523588553751,2.87018917155903,22.6579520697168,8.300395256917
39,17,"39017010907","Census Tract 109.07, Butler County, Ohio",2497,30354,11,15,1376,941,140300,43,1003,757,32.7062228654124,21.4905933429812,20.4775687409551,9.7684515195369,4.34153400868307,0,9.51509606587374,21.4089661482159,44.8307410795974,22.964318389753,1.28087831655993,99.2023928215354,105.084745762712,41.7355371900826,16.0566706021251,17.5914994096812,3.98803589232303,29.7,"Census Tract 109.07, Butler County, Ohio","39017010907","HAMILTON-MIDDLETOWN, OH",10.32068358352,30.354,0.784593437945792,1.06990014265335,98.1455064194008,88.3460152182619,8.77052462955547,0.280336403684421,NA,1.84221065278334,0,0,0,6.84694313958538,9.41,11.8515382660906,140.3,75.4735792622134,11.2156295224313,3.77233620119126,7.61511216056671,14.6560319042871
39,17,"39017010101","Census Tract 101.01, Butler County, Ohio",6831,6100,1206,181,988,744,151800,44,2254,175,27.1525830997197,7.889467360833,3.64437324789748,1.3616339607529,2.40288346015218,3.63825363825364,15.2806652806653,33.4026334026334,18.1912681912682,26.2300762300762,3.25710325710326,100,124.88908606921,18.0272108843537,14.8526077097506,19.2743764172336,13.1322094055013,50,"Census Tract 101.01, Butler County, Ohio","39017010101","HAMILTON-MIDDLETOWN, OH",8.7160440501614,6.1,50.7789473684211,7.62105263157895,41.6,91.8752744839701,2.41545893719807,5.7092665788318,NA,1.01010101010101,0,0,0,6.61204103483309,7.44,11.9303191439437,151.8,7.7639751552795,57.5490588706448,3.2105071141919,32.8798185941043,4.88021295474712
39,17,"39017010102","Census Tract 101.02, Butler County, Ohio",2947,24023,143,200,930,863,188500,33,1258,625,33.3880229696473,4.10172272354389,4.84003281378179,8.36751435602953,5.98851517637408,0,9.21332388377038,26.5768958185684,43.3734939759036,14.3869596031184,6.44932671863926,100,110.174880763116,23.3879222108495,14.431934493347,20.3172978505629,14.2289348171701,30.5,"Census Tract 101.02, Butler County, Ohio","39017010102","HAMILTON-MIDDLETOWN, OH",10.0867669837552,24.023,11.2333071484682,15.7109190887667,73.0557737627651,89.6504920257889,5.93824228028503,0,NA,2.88428910756702,0,0,0,6.76041469108343,8.63,12.1468532858702,188.5,49.6820349761526,43.3141919606235,4.25690814040329,26.9191402251791,22.0190779014308
39,17,"39017010103","Census Tract 101.03, Butler County, Ohio",6000,28814,291,217,2482,750,191400,40,2623,1340,24.1188666205943,7.08362128541811,3.90463026952315,15.0656530753283,7.11817553559088,0,13.6769078295342,26.0323752890651,30.6904525933267,25.5698711595639,4.03039312851008,100,114.525352649638,11.5137346580947,10.2863822326125,30.8591466978375,8.34921845215402,36.1,"Census Tract 101.03, Butler County, Ohio","39017010103","HAMILTON-MIDDLETOWN, OH",10.2686166591214,28.814,9.73244147157191,7.25752508361204,83.0100334448161,87.2,4,7.85,NA,3.93333333333333,0,0,0,6.62007320653036,7.5,12.162120758001,191.4,51.0865421273351,42.7090532135453,4.22270878949015,34.8626534190532,4.49866565001906
39,17,"39017012600","Census Tract 126, Butler County, Ohio",2622,28022,73,35,1168,911,126600,58,1052,692,28.5117056856187,23.1605351170569,19.8996655518395,10.1170568561873,2.4247491638796,0,9.50764006791171,24.8726655348048,48.3022071307301,15.025466893039,2.29202037351443,100,111.121673003802,26.9208878770632,24.3597040409789,26.0102447353443,0.760456273764259,32.9,"Census Tract 126, Butler County, Ohio","39017012600","HAMILTON-MIDDLETOWN, OH",10.2407451949312,28.022,5.72100313479624,2.74294670846395,91.5360501567398,87.6048817696415,6.55987795575896,2.63157894736842,NA,1.79252479023646,0,0,0,6.81454289725996,9.11,11.7487877886922,126.6,65.7794676806084,15.8862876254181,18.5840707964602,10.2447353443369,14.2585551330798
39,17,"39017010911","Census Tract 109.11, Butler County, Ohio",3983,35978,21,85,1896,1039,156800,40,1356,1188,34.0770791075051,22.8701825557809,13.7931034482759,17.7991886409736,5.0709939148073,0,4.97131931166348,8.73167622689611,45.8253664754621,38.1134480560867,2.35818992989165,100,115.70796460177,28.4748309541698,24.1172051089406,20.3606311044328,4.64601769911504,24.4,"Census Tract 109.11, Butler County, Ohio","39017010911","HAMILTON-MIDDLETOWN, OH",10.4906629195226,35.978,1.04895104895105,4.24575424575425,94.7052947052947,89.8317850866181,6.95455686668341,2.66131056992217,NA,0.70298769771529,0,0,0,6.94601399109923,10.39,11.9627263868984,156.8,87.6106194690265,6.3894523326572,6.46651270207852,13.1480090157776,8.4070796460177
39,17,"39017011122","Census Tract 111.22, Butler County, Ohio",5360,47477,43,50,2713,1178,231100,16,2170,1119,25.7868790291998,20.6295032233599,20.3261281759575,15.4721274175199,0.568828213879408,0,10.0171232876712,42.5513698630137,15.6678082191781,29.0239726027397,2.73972602739726,100,107.649769585253,16.4475449423129,15.186477059297,34.3171451569627,2.94930875576037,17.7,"Census Tract 111.22, Butler County, Ohio","39017011122","HAMILTON-MIDDLETOWN, OH",10.7680006622286,47.477,1.53243050605845,1.78189593727726,96.6856735566643,64.9440298507463,15.2798507462687,17.6305970149254,NA,2.48134328358209,0,0,0,7.07157336421153,11.78,12.3506057962625,231.1,51.5668202764977,17.2165339400834,3.4006734006734,18.8891870136839,14.8847926267281
39,17,"39017012200","Census Tract 122, Butler County, Ohio",3280,19094,139,144,982,686,57600,74,1474,714,44.1897233201581,22.0553359683794,13.596837944664,13.0434782608696,2.45059288537549,2.97653119633658,20.6639954207212,46.6514024041213,23.1253577561534,6.58271322266743,0,100,114.993215739484,42.8378378378378,17.0720720720721,5.09009009009009,13.7720488466757,31.8,"Census Tract 122, Butler County, Ohio","39017012200","HAMILTON-MIDDLETOWN, OH",9.85712942855798,19.094,10.9881422924901,11.3833992094862,77.6284584980237,87.6524390243902,9.11585365853658,0,NA,0.579268292682927,0,0,0,6.53087762772588,6.86,10.961277846684,57.6,48.4396200814111,4.66403162055336,19.559748427673,0,27.1370420624152
39,17,"39017011112","Census Tract 111.12, Butler County, Ohio",5561,49524,78,20,2731,1500,266600,24,1787,1742,31.4685314685315,24.1258741258741,18.6868686868687,18.3372183372183,2.68065268065268,0,0.37593984962406,0.37593984962406,19.8711063372718,65.1450053705693,14.2320085929108,100,104.196978175713,12.9964874358282,15.8605782221021,36.8278843555796,1.2870733072188,15.7,"Census Tract 111.12, Butler County, Ohio","39017011112","HAMILTON-MIDDLETOWN, OH",10.8102126795406,49.524,2.75715800636267,0.706963591375044,96.5358784022623,82.3413055205898,8.23592878978601,7.66049271713721,NA,1.83420248156806,0,0,0,7.3132203870903,15,12.4935046867267,266.6,97.4818130945719,4.7008547008547,3.35934848998982,25.2904620372872,7.10688304420817
39,17,"39017010201","Census Tract 102.01, Butler County, Ohio",2052,2696,0,0,23,NA,137500,33,18,18,44.258872651357,11.482254697286,0,0,0.626304801670146,0,0,0,50,50,0,100,100,25.7142857142857,14.2857142857143,0,0,NA,"Census Tract 102.01, Butler County, Ohio","39017010201","HAMILTON-MIDDLETOWN, OH",7.8995244720322,2.696,0,0,100,88.5964912280702,3.80116959064327,6.67641325536062,NA,0.487329434697856,0,0,0,NA,NA,11.8313791960888,137.5,100,43.6325678496869,5.09031198686371,37.1428571428571,0
39,17,"39017001001","Census Tract 10.01, Butler County, Ohio",5142,23677,50,98,1778,862,163300,46,2231,1483,20.3389830508475,25.8474576271186,25.4766949152542,8.63347457627119,4.8728813559322,0,3.08056872037915,32.4644549763033,46.7614533965245,15.5608214849921,2.13270142180095,100,112.774540564769,46.1735346813412,19.1963143076529,11.5177885845918,3.54101299865531,39.5,"Census Tract 10.01, Butler County, Ohio","39017001001","HAMILTON-MIDDLETOWN, OH",10.072259391783,23.677,2.59605399792316,5.08826583592939,92.3156801661474,94.9047063399455,2.66433294437962,0.311162971606379,NA,0,0,0,0,6.75925527066369,8.62,12.0033442789586,163.3,66.4724338861497,14.8305084745763,9.2264678471575,8.88149475300742,15.7328552218736
39,17,"39017011120","Census Tract 111.20, Butler County, Ohio",7246,41034,65,59,3253,1120,206500,26,2244,1932,26.1831591886908,30.5777504609711,16.9637369391518,17.4247080516288,2.27412415488629,0,0,4.91033304867635,40.6917164816396,47.4807856532878,6.91716481639624,99.331550802139,103.698752228164,18.9303307529909,20.1970443349754,24.0441003987802,1.38146167557932,42.1,"Census Tract 111.20, Butler County, Ohio","39017011120","HAMILTON-MIDDLETOWN, OH",10.6221562703262,41.034,1.92478531240746,1.74711282203139,96.3281018655611,73.8062379243721,15.360198730334,4.30582390284295,NA,0.745238752415126,0,0,0,7.02108396428914,11.2,12.2380556913832,206.5,86.096256684492,6.57652120467117,4.83689538807649,18.8834154351396,12.2994652406417
39,17,"39017010906","Census Tract 109.06, Butler County, Ohio",7677,23148,386,262,3167,785,154900,35,2935,1058,30.6930693069307,22.9060743912229,15.8683435911159,7.54616002140755,3.45196681830345,1.83776932826362,28.0735107731305,35.7097591888466,19.4233206590621,14.9556400506971,0,98.4667802385008,100.885860306644,35.450487012987,15.6452922077922,16.3555194805195,6.78023850085179,24.8,"Census Tract 109.06, Butler County, Ohio","39017010906","HAMILTON-MIDDLETOWN, OH",10.0496636626937,23.148,10.1179554390564,6.86762778505898,83.0144167758847,71.1345577699622,22.3785332812296,1.84968086492119,NA,19.291389865833,0,0,0,6.66568371778241,7.85,11.950535026405,154.9,36.0477001703577,19.5343858710195,7.47685734630904,5.78327922077922,22.4531516183986
39,17,"39017011004","Census Tract 110.04, Butler County, Ohio",5924,26162,265,240,2082,832,153000,18,2177,944,42.8681870892926,29.0297642056436,12.9493621955934,7.46037881716274,4.05875531503672,0.3017729158808,11.8068653338363,46.6993587325538,31.4221048660883,9.76989815164089,0,100,116.536518144235,35.3559627515771,25.7434665064584,12.6764794232502,2.66421681212678,28.4,"Census Tract 110.04, Butler County, Ohio","39017011004","HAMILTON-MIDDLETOWN, OH",10.1720632552482,26.162,10.2435253189022,9.27715500579822,80.4793196752996,79.1188386225523,13.8251181634031,2.21134368669818,NA,19.2268737339635,0,0,0,6.72383244082121,8.32,11.9381932003746,153,43.3624253559945,3.63355237727097,10.2981969486824,5.79753679783719,35.3697749196142
39,17,"39017011109","Census Tract 111.09, Butler County, Ohio",4468,34606,94,169,1966,1156,158700,41,1685,1317,36.2731152204836,26.8373636794689,8.06069227121859,14.0825035561878,1.8018018018018,0,2.38095238095238,22.9789590254707,48.0066445182724,24.3078626799557,2.32558139534884,100,107.181008902077,26.0826446280992,23.6694214876033,24.2314049586777,0.593471810089021,22.5,"Census Tract 111.09, Butler County, Ohio","39017011109","HAMILTON-MIDDLETOWN, OH",10.4517823564166,34.606,4.21713772992373,7.5818752803948,88.2009869896815,88.2497761862131,9.22112802148612,0.156669650850492,NA,5.75201432408236,0,0,0,7.05272104923232,11.56,11.9747709065145,158.7,78.160237388724,12.9445234708393,5.75052854122622,13.4214876033058,17.6261127596439
39,17,"39017013400","Census Tract 134, Butler County, Ohio",2281,18547,172,196,646,745,87800,59,1009,330,41.0536779324056,25.7455268389662,14.2147117296223,7.55467196819085,1.68986083499006,0.466853408029879,7.37628384687208,51.6339869281046,33.0532212885154,6.44257703081232,1.02707749766573,100,106.144697720515,49.7649429147079,14.8421759570181,6.91739422431162,10.802775024777,31.4,"Census Tract 134, Butler County, Ohio","39017013400","HAMILTON-MIDDLETOWN, OH",9.82806332988929,18.547,16.9625246548323,19.3293885601578,63.7080867850099,79.8334064007014,15.8702323542306,1.09601052170101,NA,0.482244629548444,0,0,0,6.61338421837956,7.45,11.3828167796232,87.8,32.7056491575818,9.74155069582505,11.0918544194107,3.49227669576897,22.794846382557
39,17,"39017011003","Census Tract 110.03, Butler County, Ohio",6302,37886,95,0,3589,1439,168700,26,2248,2106,30.062749572162,30.4335424985739,15.031374786081,13.0062749572162,2.88077581289218,0,0,7.90133779264214,36.9565217391304,50.2926421404682,4.8494983277592,100,106.405693950178,32.2654989628947,18.5987554736114,20.4424982714911,2.09074733096085,33.1,"Census Tract 110.03, Butler County, Ohio","39017011003","HAMILTON-MIDDLETOWN, OH",10.5423369296882,37.886,2.57871878393051,0,97.4212812160695,92.4151063154554,4.25261821643923,1.69787369089178,NA,0.428435417327832,0,0,0,7.27170370688737,14.39,12.0358772685341,168.7,93.6832740213523,8.58528237307473,3.09358081979892,9.65660290389491,6.58362989323843
39,17,"39017013600","Census Tract 136, Butler County, Ohio",5436,16237,442,452,1461,738,75700,42,2292,701,48.6960239418555,14.5361265498076,18.1701581872595,4.10431808465156,1.02607952116289,7.29247478665632,15.2055857253685,45.7719162141195,29.0923196276183,2.63770364623739,0,100,111.256544502618,43.7665782493369,17.0940170940171,11.1405835543767,7.76614310645724,30,"Census Tract 136, Butler County, Ohio","39017013600","HAMILTON-MIDDLETOWN, OH",9.69504786758711,16.237,18.7685774946921,19.1932059447983,62.0382165605096,82.542310522443,9.98896247240618,0,NA,12.5275938189845,0,0,0,6.60394382460047,7.38,11.2345334394255,75.7,30.5846422338569,13.4672937152629,12.4818577648766,2.03359858532272,29.2757417102967
39,17,"39017012100","Census Tract 121, Butler County, Ohio",3137,28081,75,65,1210,760,134600,51,1233,1007,29.3144208037825,28.2111899133176,15.3664302600473,17.6516942474389,4.88573680063042,0,2.87937743190661,18.988326848249,62.1789883268482,13.9299610894942,2.02334630350195,99.1889699918897,102.35198702352,41.4893617021277,25.7169287696577,9.94449583718779,0.64882400648824,23.2,"Census Tract 121, Butler County, Ohio","39017012100","HAMILTON-MIDDLETOWN, OH",10.2428484700412,28.081,5.55555555555556,4.81481481481481,89.6296296296296,99.6174689193497,0,0,NA,0,0,0,0,6.63331843328038,7.6,11.8100626961928,134.6,81.6707218167072,4.57052797478329,4.95314591700134,6.2904717853839,14.4363341443633
39,17,"39017015100","Census Tract 151, Butler County, Ohio",7401,29734,254,241,2758,903,122000,36,2579,1519,18.7757691087853,30.3203298445925,13.7646685696162,23.977164605138,3.55217253409451,0.374531835205993,1.46067415730337,31.9101123595506,60.561797752809,4.45692883895131,1.23595505617978,100,100,47.7807971014493,16.3722826086957,11.1413043478261,4.42031795269484,25.6,"Census Tract 151, Butler County, Ohio","39017015100","HAMILTON-MIDDLETOWN, OH",10.3000464511733,29.734,7.80817706732247,7.40854595757762,84.7832769750999,91.8524523713012,3.28334008917714,0,NA,2.37805701932171,0,0,0,6.80572255341699,9.03,11.7117763237154,122,58.8987979837146,9.60989533777355,10.1658059255232,1.85688405797101,19.3485847227608
39,17,"39017011121","Census Tract 111.21, Butler County, Ohio",8063,45156,44,19,3940,1710,237900,14,2330,2117,20.1791359325606,31.3224446786091,20.8113804004215,15.5426765015806,5.87460484720759,0,0,1.6810168101681,27.2652726527265,63.4686346863469,7.58507585075851,100,103.304721030043,18.475073313783,13.9924591537495,31.2526183493925,0.515021459227468,22.5,"Census Tract 111.21, Butler County, Ohio","39017011121","HAMILTON-MIDDLETOWN, OH",10.7178784403814,45.156,1.09917561828629,0.47464401698726,98.4261803647265,89.5448344288726,2.72851296043656,4.0307577824631,NA,2.31923601637108,0,0,0,7.44424864949671,17.1,12.379605696291,237.9,90.8583690987124,6.26975763962065,2.20412074748443,21.5542521994135,14.4206008583691
39,17,"39017010909","Census Tract 109.09, Butler County, Ohio",5123,26137,53,186,2476,828,90200,35,2205,944,43.7453462397617,29.3000744601638,9.64259121370067,4.76545048399106,3.5740878629933,0.596252129471891,16.8654173764906,62.5212947189097,11.7546848381601,7.49574105621806,0.766609880749574,100,101.315192743764,33.7655016910936,25.8173618940248,12.0913190529876,5.89569160997732,23.3,"Census Tract 109.09, Butler County, Ohio","39017010909","HAMILTON-MIDDLETOWN, OH",10.1711072139509,26.137,1.95211786372007,6.85082872928177,91.1970534069982,63.790747608823,16.3576029670115,4.17723989849697,NA,18.543821979309,0,0,0,6.71901315438526,8.28,11.4097847060507,90.2,42.81179138322,8.97244973938943,4.39903013508833,8.11724915445321,22.9024943310658
39,17,"39017014000","Census Tract 140, Butler County, Ohio",2417,15705,117,43,516,643,57600,59,965,387,38.7596899224806,19.2248062015504,9.30232558139535,23.8759689922481,3.10077519379845,0.589225589225589,11.4478114478114,46.7171717171717,34.5959595959596,6.64983164983165,0,100,114.093264248705,46.875,15.8288043478261,4.27989130434783,13.9896373056995,31.7,"Census Tract 140, Butler County, Ohio","39017014000","HAMILTON-MIDDLETOWN, OH",9.66173441197275,15.705,17.3076923076923,6.36094674556213,76.3313609467456,65.7012825817129,25.8171286719073,0,NA,15.1841125362019,0,0,0,6.46614472423762,6.43,10.961277846684,57.6,40.1036269430052,5.73643410852713,25.2118644067797,3.53260869565217,41.139896373057
39,17,"39017013500","Census Tract 135, Butler County, Ohio",3003,21323,70,50,1159,774,62500,60,1178,622,37.1150729335494,23.5008103727715,12.5607779578606,6.56401944894651,3.80875202593193,0,5.79825258141382,45.4328832406672,43.3677521842732,5.40111199364575,0,100,105.263157894737,51.9592875318066,16.5394402035623,2.90076335877863,8.40407470288625,27.1,"Census Tract 135, Butler County, Ohio","39017013500","HAMILTON-MIDDLETOWN, OH",9.96754158132623,21.323,5.47302580140735,3.90930414386239,90.6176700547303,82.4175824175824,12.7206127206127,1.83150183150183,NA,1.83150183150183,0,0,0,6.65157187358973,7.74,11.0429218357245,62.5,52.8013582342954,16.45056726094,8.64285714285714,0.610687022900763,18.8455008488964
39,17,"39017010302","Census Tract 103.02, Butler County, Ohio",3617,31860,36,80,1651,911,174500,43,1251,1101,23.2360097323601,22.8102189781022,20.8637469586375,16.1800486618005,6.93430656934307,0,1.38461538461538,16.3846153846154,61.1538461538462,14.7692307692308,6.30769230769231,98.880895283773,101.998401278977,48.993288590604,16.8180023687327,11.5278326095539,1.99840127897682,26.6,"Census Tract 103.02, Butler County, Ohio","39017010302","HAMILTON-MIDDLETOWN, OH",10.369106583464,31.86,2.03735144312394,4.52744765138653,93.4352009054895,98.4241083771081,0.221177771633951,0.248824993088195,NA,0.857063865081559,0,0,0,6.81454289725996,9.11,12.0696800206246,174.5,88.0095923261391,9.97566909975669,3.53982300884956,7.65890248716936,3.99680255795364
39,17,"39017014100","Census Tract 141, Butler County, Ohio",2154,20286,127,73,729,737,90700,42,806,413,30.8934337997847,20.7750269106566,21.205597416577,9.14962325080732,3.98277717976319,0.514933058702369,8.44490216271885,29.7631307929969,55.4067971163749,5.35530381050463,0.514933058702369,100,105.707196029777,48.1797056545314,15.1820294345469,9.68241673121611,9.30521091811414,26.7,"Census Tract 141, Butler County, Ohio","39017014100","HAMILTON-MIDDLETOWN, OH",9.91768627193594,20.286,13.6706135629709,7.85791173304629,78.4714747039828,86.2116991643454,8.91364902506964,0.371402042711235,NA,2.92479108635097,0,0,0,6.60258789218934,7.37,11.4153126361032,90.7,51.2406947890819,13.9935414424112,10.4575163398693,2.4012393493416,26.6749379652605
39,17,"39017010908","Census Tract 109.08, Butler County, Ohio",5488,31601,133,150,3017,937,146800,39,2307,1134,33.5670731707317,18.2012195121951,27.0121951219512,11.3109756097561,2.25609756097561,0.300978179082017,13.7697516930023,44.6952595936795,25.8841234010534,14.7855530474041,0.564334085778781,100,115.214564369311,32.5038880248834,16.1741835147745,26.3089683773976,2.55743389683572,21.7,"Census Tract 109.08, Butler County, Ohio","39017010908","HAMILTON-MIDDLETOWN, OH",10.3609440446439,31.601,4.03030303030303,4.54545454545455,91.4242424242424,78.0247813411079,19.9161807580175,0.728862973760933,NA,2.51457725947522,0,0,0,6.84268328223842,9.37,11.8968263951626,146.8,49.1547464239272,7.65243902439024,6.49677961355363,13.3748055987558,14.0008669267447
39,17,"39017014400","Census Tract 144, Butler County, Ohio",1675,15110,125,43,321,589,55000,56,744,126,31.4928425357873,25.7668711656442,21.0633946830266,15.9509202453988,2.65848670756646,2.68336314847943,38.0143112701252,38.4615384615385,14.9373881932021,3.48837209302326,2.41502683363148,100,128.360215053763,49.7952497952498,18.0999180999181,4.91400491400491,27.5537634408602,31.5,"Census Tract 144, Butler County, Ohio","39017014400","HAMILTON-MIDDLETOWN, OH",9.62311205526679,15.11,25.5623721881391,8.79345603271984,65.6441717791411,88.5373134328358,8.53731343283582,0,NA,6.74626865671642,0,0,0,6.37842618365159,5.89,10.9150884642146,55,16.9354838709677,3.06748466257669,18.2985553772071,0.491400491400491,21.2365591397849
39,17,"39017013900","Census Tract 139, Butler County, Ohio",2665,20160,123,50,657,722,51800,65,1108,642,31.2731767614339,17.0580964153276,23.6093943139679,11.0012360939431,0,0,13.7083993660856,52.4564183835182,29.0015847860539,4.51664025356577,0.316957210776545,100,105.054151624549,34.4031531531532,9.90990990990991,1.29504504504505,7.85198555956679,35.5,"Census Tract 139, Butler County, Ohio","39017013900","HAMILTON-MIDDLETOWN, OH",9.91145572218531,20.16,14.8192771084337,6.02409638554217,79.1566265060241,94.7467166979362,0.300187617260788,1.42589118198874,NA,2.77673545966229,0,0,0,6.58202513889283,7.22,10.8551454282476,51.8,57.942238267148,17.0580964153276,20.4895738893926,2.25225225225225,26.8050541516245
39,17,"39017014300","Census Tract 143, Butler County, Ohio",4671,28760,37,64,2051,1117,161900,46,1600,1482,20.9169054441261,29.0830945558739,26.4565425023878,12.7029608404967,6.25596943648519,0,1.27536231884058,14.7826086956522,58.1449275362319,21.2173913043478,4.57971014492754,100,107.8125,44.2221558674231,20.6628844431173,10.4210212003583,0.5,34.5,"Census Tract 143, Butler County, Ohio","39017014300","HAMILTON-MIDDLETOWN, OH",10.266740811835,28.76,1.71933085501859,2.97397769516729,95.3066914498141,99.2935131663455,0,0,NA,0,0,0,0,7.0184017990692,11.17,11.9947341396657,161.9,92.625,4.58452722063037,4.57948040510788,5.88235294117647,11.8125
39,17,"39017013100","Census Tract 131, Butler County, Ohio",2029,14495,154,84,458,741,55400,79,754,279,27.2861356932153,37.1681415929204,14.306784660767,10.9144542772861,2.50737463126844,3.56111645813282,9.23965351299326,33.3974975938402,46.8719923002887,6.44850818094321,0.481231953801732,96.684350132626,125.066312997347,37.5886524822695,23.2466509062254,8.98345153664303,20.159151193634,39.5,"Census Tract 131, Butler County, Ohio","39017013100","HAMILTON-MIDDLETOWN, OH",9.58155904135576,14.495,22.1264367816092,12.0689655172414,65.8045977011494,45.1946771808773,45.3918186298669,0.246426811237063,NA,11.1877772301626,1,0,0,6.60800062529609,7.41,10.9223348727354,55.4,37.0026525198939,7.81710914454277,12.6506024096386,3.3096926713948,41.7771883289125
39,17,"39017010903","Census Tract 109.03, Butler County, Ohio",4848,36447,64,99,2589,955,152800,40,1974,1588,23.3933161953728,26.4781491002571,23.2831435916269,8.18949687844289,2.13000367242012,0,0.481231953801732,19.7786333012512,43.7921077959577,31.6169393647738,4.33108758421559,100,105.268490374873,31.9020172910663,15.4178674351585,17.6945244956772,1.82370820668693,28,"Census Tract 109.03, Butler County, Ohio","39017010903","HAMILTON-MIDDLETOWN, OH",10.5036144295229,36.447,2.32558139534884,3.59738372093023,94.0770348837209,82.4876237623762,11.8605610561056,0.845709570957096,NA,0.474422442244224,0,0,0,6.86171134048073,9.55,11.9368851557146,152.8,80.4457953394124,16.5258905618803,4.85370051635112,17.6945244956772,15.5521783181358
39,17,"39017010800","Census Tract 108, Butler County, Ohio",6427,33399,39,179,2853,684,171400,41,2418,2094,17.8750417641163,26.2946876044103,28.600066822586,14.7009689274975,7.08319411961243,0,1.33118192819685,18.8785800726099,53.7716821298911,22.7914481645825,3.22710770471965,99.8759305210918,101.240694789082,31.0932105868815,23.8895281933257,19.9309551208285,1.48883374689826,30.6,"Census Tract 108, Butler County, Ohio","39017010800","HAMILTON-MIDDLETOWN, OH",10.4162812383968,33.399,1.26994464343862,5.82872028655161,92.9013350700098,98.4596234635133,0,0.684611793994087,NA,0.388983973860277,0,0,0,6.52795791762255,6.84,12.0517552851458,171.4,86.6004962779156,5.44604076177748,1.81875195986203,7.54890678941312,16.4598842018197
39,17,"39017010901","Census Tract 109.01, Butler County, Ohio",4591,29643,110,148,2013,792,135400,46,1692,1113,27.8577857785779,24.4374437443744,16.3366336633663,14.8964896489649,3.42034203420342,0,7.45591939546599,36.3727959697733,44.3324937027708,10.176322418136,1.6624685138539,100,116.13475177305,45.7637412693593,24.6583662313999,9.0191314910416,5.61465721040189,22.5,"Census Tract 109.01, Butler County, Ohio","39017010901","HAMILTON-MIDDLETOWN, OH",10.2969812888631,29.643,4.84368119771026,6.51695288419199,88.6393659180978,86.6477891526901,4.37813112611631,6.75234153779133,NA,8.66913526464822,0,0,0,6.67456139181443,7.92,11.8159886394603,135.4,65.7801418439716,13.0513051305131,5.7085020242915,4.49438202247191,24.0543735224586
39,17,"39017013000","Census Tract 130, Butler County, Ohio",1524,22648,55,56,377,649,72700,79,568,281,14.0461215932914,23.6897274633124,41.7190775681342,7.12788259958071,0,4.79041916167665,4.55089820359281,33.0538922155689,39.8802395209581,12.3353293413174,5.38922155688623,99.2957746478873,133.274647887324,37.8803777544596,23.7145855194124,3.35781741867786,15.669014084507,42.8,"Census Tract 130, Butler County, Ohio","39017013000","HAMILTON-MIDDLETOWN, OH",10.0278268267917,22.648,11.2704918032787,11.4754098360656,77.2540983606557,23.9501312335958,65.8136482939633,0,NA,10.0393700787402,1,0,0,6.47543271670409,6.49,11.1940966635216,72.7,49.4718309859155,13.4171907756813,22.0634920634921,8.7093389296957,39.0845070422535
39,17,"39017012700","Census Tract 127, Butler County, Ohio",2906,23602,40,201,1095,976,83900,76,1066,668,33.1804281345566,16.8195718654434,26.8348623853211,4.74006116207951,5.04587155963303,4.20289855072464,0.72463768115942,35.5797101449275,50.5797101449275,8.91304347826087,0,100,124.015009380863,38.2754994742376,17.2450052576236,14.4058885383807,4.59662288930582,28.2,"Census Tract 127, Butler County, Ohio","39017012700","HAMILTON-MIDDLETOWN, OH",10.0690867331857,23.602,2.9940119760479,15.0449101796407,81.9610778443114,94.9070887818307,1.65175498967653,0,NA,3.33792154163799,0,0,0,6.88346258641309,9.76,11.3373808924553,83.9,62.6641651031895,13.3792048929664,7.23951285520974,3.36487907465825,25.140712945591
